-- MySQL dump 10.13  Distrib 8.0.23, for Linux (x86_64)
--
-- Host: mysql    Database: dashboard
-- ------------------------------------------------------
-- Server version	8.0.23

/*!40101 SET @OLD_CHARACTER_SET_CLIENT=@@CHARACTER_SET_CLIENT */;
/*!40101 SET @OLD_CHARACTER_SET_RESULTS=@@CHARACTER_SET_RESULTS */;
/*!40101 SET @OLD_COLLATION_CONNECTION=@@COLLATION_CONNECTION */;
/*!50503 SET NAMES utf8mb4 */;
/*!40103 SET @OLD_TIME_ZONE=@@TIME_ZONE */;
/*!40103 SET TIME_ZONE='+00:00' */;
/*!40014 SET @OLD_UNIQUE_CHECKS=@@UNIQUE_CHECKS, UNIQUE_CHECKS=0 */;
/*!40014 SET @OLD_FOREIGN_KEY_CHECKS=@@FOREIGN_KEY_CHECKS, FOREIGN_KEY_CHECKS=0 */;
/*!40101 SET @OLD_SQL_MODE=@@SQL_MODE, SQL_MODE='NO_AUTO_VALUE_ON_ZERO' */;
/*!40111 SET @OLD_SQL_NOTES=@@SQL_NOTES, SQL_NOTES=0 */;

--
-- Table structure for table `Customer`
--

DROP TABLE IF EXISTS `Customer`;
/*!40101 SET @saved_cs_client     = @@character_set_client */;
/*!50503 SET character_set_client = utf8mb4 */;
CREATE TABLE `Customer` (
  `id` int unsigned NOT NULL AUTO_INCREMENT COMMENT 'Customer ID',
  `email` varchar(255) NOT NULL COMMENT 'Email',
  `firstname` varchar(255) NOT NULL COMMENT 'Firstname',
  `lastname` varchar(255) NOT NULL COMMENT 'lastname',
  PRIMARY KEY (`id`)
) ENGINE=InnoDB AUTO_INCREMENT=8 DEFAULT CHARSET=utf8mb4 COLLATE=utf8mb4_0900_ai_ci;
/*!40101 SET character_set_client = @saved_cs_client */;

--
-- Dumping data for table `Customer`
--

LOCK TABLES `Customer` WRITE;
/*!40000 ALTER TABLE `Customer` DISABLE KEYS */;
INSERT INTO `Customer` VALUES (1,'sherbieny@gmail.com','Eslam','Sherbieny'),(3,'karam@gnail.com','Karam','Gaber'),(4,'zac@mac.com','Zack','Mack'),(5,'sondos@gnail.com','Sondos','El Weskha'),(6,'beego@gnail.com','Beego','El Khawaga');
/*!40000 ALTER TABLE `Customer` ENABLE KEYS */;
UNLOCK TABLES;

--
-- Table structure for table `Order_Item`
--

DROP TABLE IF EXISTS `Order_Item`;
/*!40101 SET @saved_cs_client     = @@character_set_client */;
/*!50503 SET character_set_client = utf8mb4 */;
CREATE TABLE `Order_Item` (
  `id` int unsigned NOT NULL AUTO_INCREMENT,
  `order_id` int unsigned NOT NULL,
  `ean` varchar(255) CHARACTER SET utf8mb4 COLLATE utf8mb4_0900_ai_ci NOT NULL,
  `qty` decimal(12,4) NOT NULL COMMENT 'Quantity',
  `price` decimal(12,4) NOT NULL,
  PRIMARY KEY (`id`),
  KEY `Order_ID_FK` (`order_id`),
  CONSTRAINT `Order_ID_FK` FOREIGN KEY (`order_id`) REFERENCES `Purchase_Order` (`id`) ON DELETE CASCADE ON UPDATE RESTRICT
) ENGINE=InnoDB AUTO_INCREMENT=2351 DEFAULT CHARSET=utf8mb4 COLLATE=utf8mb4_0900_ai_ci;
/*!40101 SET character_set_client = @saved_cs_client */;

--
-- Dumping data for table `Order_Item`
--

LOCK TABLES `Order_Item` WRITE;
/*!40000 ALTER TABLE `Order_Item` DISABLE KEYS */;
INSERT INTO `Order_Item` VALUES (381,85,'4613799066785',1.0754,27.4643),(382,85,'4912617260105',2.9272,26.1503),(383,85,'9302465920057',7.0144,29.2535),(384,85,'9874443102239',7.3318,11.8721),(385,85,'5946500741514',3.4028,29.0353),(386,86,'8594835281663',5.7895,28.1569),(387,86,'7573092057496',2.2418,16.4712),(388,86,'4390094512600',9.2197,11.6103),(389,86,'3602913538441',9.6325,18.2461),(390,86,'1469034751227',3.7662,15.5348),(391,87,'7833028845523',1.1770,25.2636),(392,87,'8763052556368',8.8038,18.4397),(393,87,'8995823092309',5.9831,18.6650),(394,87,'1890666496884',1.8863,28.2545),(395,87,'8757587991665',3.7666,14.7806),(396,88,'3322422778352',2.2478,24.9907),(397,88,'6385014405555',4.0448,14.3720),(398,88,'1525153442865',3.7436,26.5855),(399,88,'5852397369908',8.6330,22.7841),(400,88,'7349662277167',4.6210,17.4607),(401,89,'6396242735462',7.1515,12.6464),(402,89,'1700752628992',3.2468,10.5694),(403,89,'2606659183949',4.9799,19.3877),(404,89,'6508928872007',6.0834,17.2235),(405,89,'6331732083173',4.7880,23.8868),(406,90,'6247656967014',7.2629,10.8544),(407,90,'8508148232171',5.4392,29.5589),(408,90,'6691050386361',2.1341,23.4516),(409,90,'9293402054067',9.5277,21.9205),(410,90,'9594509925685',4.6677,15.3337),(411,91,'3216901649042',3.6564,15.6706),(412,91,'4744675607212',3.6138,15.3570),(413,91,'1745912023080',9.7757,15.2426),(414,91,'7561297952295',7.0940,17.3548),(415,91,'2303106339763',2.8232,29.8247),(416,92,'9753241512315',7.0777,17.7760),(417,92,'2372804255948',8.4255,20.8272),(418,92,'5427637595959',3.9320,10.2507),(419,92,'6283300320037',6.2822,17.8508),(420,92,'1600772181458',9.3969,24.8701),(421,93,'1081339132418',6.4937,14.7321),(422,93,'5748585351978',2.4607,25.6522),(423,93,'7965111405414',8.8206,24.9129),(424,93,'8541450276027',3.0294,14.1716),(425,93,'3009722793983',8.0572,26.0590),(426,94,'4563756879439',5.3340,10.2596),(427,94,'8373695241454',4.7274,18.9201),(428,94,'6202034850128',8.7731,11.1175),(429,94,'5291975618758',2.2194,23.2333),(430,94,'1066635205322',1.5644,25.6580),(431,96,'7385413629863',7.8860,21.4780),(432,96,'1240677749461',3.1390,17.3228),(433,96,'4701432373465',5.8222,17.2342),(434,96,'4096421256932',1.9552,28.6937),(435,96,'7585935456418',7.3247,22.5044),(436,97,'7831146130638',2.3410,20.2580),(437,97,'1720473080698',5.9344,16.8743),(438,97,'8582790519954',1.2299,19.1425),(439,97,'9168998913927',4.4319,24.5532),(440,97,'4833243811677',9.6353,19.4903),(441,98,'1585305680546',7.9976,18.1023),(442,98,'2118621552752',5.3795,25.6380),(443,98,'8018839771708',2.5763,11.5900),(444,98,'7139829222720',6.5582,15.7057),(445,98,'3553462436208',5.4358,27.7384),(446,99,'3564351563258',8.1025,28.5073),(447,99,'2116374974343',8.3009,15.6053),(448,99,'8949127156083',9.2659,26.7634),(449,99,'4322958171211',1.7478,21.8995),(450,99,'5981018378513',9.1384,27.6323),(451,100,'6802162174588',4.2415,14.5385),(452,100,'5993893135071',1.2328,12.4904),(453,100,'5981798122637',2.0693,29.6993),(454,100,'6199301343043',3.7161,24.7892),(455,100,'3865400581178',3.9022,25.2585),(456,101,'5374769271930',6.7194,22.4868),(457,101,'9506854663261',3.3363,28.8283),(458,101,'2963612656496',9.5647,14.1294),(459,101,'2927305643210',6.0331,25.6254),(460,101,'8721683252812',8.9634,18.7091),(461,102,'7137214767503',1.1157,18.8447),(462,102,'9649349149314',2.0983,10.3434),(463,102,'4161481279815',6.6681,12.4420),(464,102,'3728438596939',8.1288,29.6968),(465,102,'4045788399473',9.6515,19.6558),(466,103,'9071040034122',7.2910,26.1944),(467,103,'9965043121655',7.3441,28.7379),(468,103,'6811376354995',4.7384,28.4103),(469,103,'9866694658322',5.9358,29.4788),(470,103,'6481043140347',6.4125,26.2425),(471,104,'9062165016478',7.8774,18.4082),(472,104,'8146952204986',7.4489,29.4597),(473,104,'1603057281506',2.1086,29.9905),(474,104,'9534594320565',6.5704,25.6245),(475,104,'9806962838545',3.8650,15.9919),(476,105,'4809277490771',7.7713,18.0055),(477,105,'1924763749933',6.1167,27.6712),(478,105,'3704343898547',9.2736,26.4359),(479,105,'6140444594678',1.1798,14.5063),(480,105,'8361946970718',4.5436,20.0028),(481,106,'4767159745331',8.0597,25.7865),(482,106,'9988950270018',2.2250,23.6747),(483,106,'1010377625668',2.0161,20.0567),(484,106,'2267800509195',8.3598,17.1287),(485,106,'5954232652229',1.7389,21.5009),(486,107,'4308421037711',5.7056,11.3999),(487,107,'5333670460850',5.3912,22.5072),(488,107,'7103787534907',1.7715,14.7153),(489,107,'2214939523692',8.3870,13.1943),(490,107,'5809751022681',7.4816,25.3072),(491,108,'8848222555828',3.2810,14.3503),(492,108,'5378380825053',6.0155,21.0939),(493,108,'7129218765393',7.6496,26.5777),(494,108,'2912602710806',4.3136,27.5319),(495,108,'9350460907384',9.9457,23.4849),(496,109,'5738433261135',2.3363,12.1266),(497,109,'8068223738082',4.3556,15.6226),(498,109,'9776346677657',3.8297,10.8884),(499,109,'7612768747062',6.8397,11.9480),(500,109,'5947600694130',1.9697,25.8181),(501,110,'4225923224216',6.8995,23.5735),(502,110,'3235234130523',9.6371,23.0005),(503,110,'4341858947147',4.1224,17.6316),(504,110,'1746786231486',4.7813,18.0861),(505,110,'9739904476704',2.6311,13.8894),(506,111,'1610522355009',2.5531,20.7748),(507,111,'9646705827576',9.3624,12.3624),(508,111,'5237141216677',8.3000,12.4498),(509,111,'1995710315143',6.3151,25.3905),(510,111,'5183865184248',5.6267,14.5229),(511,112,'2471510500172',1.9773,21.0457),(512,112,'7095358521106',5.6691,26.9385),(513,112,'3640911442399',5.3219,20.7534),(514,112,'6457567175061',4.6654,22.4878),(515,112,'1551638557375',7.8279,13.0877),(516,113,'1799695066592',7.7742,10.9848),(517,113,'1550735685676',3.1828,19.6566),(518,113,'8694189294411',4.1893,17.6817),(519,113,'3389966338459',8.5977,10.7280),(520,113,'1895229527074',2.2460,12.4786),(521,114,'8798599222231',9.5757,13.4548),(522,114,'7987423199263',6.4185,25.0067),(523,114,'3506875803235',1.3725,24.6950),(524,114,'2646938444996',7.4231,10.2124),(525,114,'3558925985936',3.4481,28.9237),(526,115,'6109675110162',2.2521,12.9576),(527,115,'3404848242719',1.2800,22.6023),(528,115,'4982349391328',5.3777,15.8254),(529,115,'5764974383025',6.8708,24.3419),(530,115,'6145139946789',1.0340,10.1877),(531,116,'2627825588729',5.4652,27.9269),(532,116,'8926772588301',3.5324,13.8584),(533,116,'5307088165905',7.2210,15.2787),(534,116,'5241753653263',7.2443,13.9055),(535,116,'2760723537363',7.8426,14.9512),(536,117,'9753040048394',6.6984,24.6010),(537,117,'4775284345865',3.4759,21.5354),(538,117,'3465046169091',5.7538,27.6559),(539,117,'1720669332237',3.2002,21.2890),(540,117,'9302363944749',6.1811,28.0586),(541,118,'1241004836401',3.7023,13.8726),(542,118,'2622832705079',2.0738,26.5535),(543,118,'5130422198106',3.4170,14.7336),(544,118,'3332410406901',7.0595,14.3117),(545,118,'7786084749753',8.8481,22.1257),(546,119,'9232482611185',8.7542,23.5948),(547,119,'8558741550643',4.4639,27.0424),(548,119,'7188150833881',4.6831,18.7899),(549,119,'2378302113407',3.4101,15.3496),(550,119,'5419162155677',4.4988,28.8622),(551,120,'1769632861515',9.9171,16.8779),(552,120,'5531297116627',9.9710,16.9802),(553,120,'1939216497837',2.9922,16.7416),(554,120,'5431106372548',9.2346,27.8553),(555,120,'7488794092309',7.3322,29.6759),(556,121,'8554804571647',3.5510,27.6220),(557,121,'8295051698098',5.4068,24.1757),(558,121,'1180767562723',8.6405,24.3665),(559,121,'1475783492091',9.9351,22.6258),(560,121,'4098350007767',5.4035,14.4613),(561,122,'2388971685146',1.2681,16.0085),(562,122,'2725501282432',3.6022,21.9939),(563,122,'9675769852619',5.0955,10.4076),(564,122,'8360324751582',1.3416,16.6355),(565,122,'3843970494158',6.6412,25.7980),(566,123,'9220487265867',5.6158,21.9474),(567,123,'5861309808811',8.1104,21.8281),(568,123,'8364405765152',1.5836,27.7621),(569,123,'5816959082031',9.3475,25.8084),(570,123,'6877495072094',7.6525,24.5517),(571,124,'5211883854247',3.3312,10.4315),(572,124,'1281294847117',4.1572,13.9088),(573,124,'8157083191364',7.8711,10.6840),(574,124,'3311070656753',1.8404,26.1763),(575,124,'8636121259461',7.1599,26.6836),(576,125,'8155551992575',3.2725,17.3780),(577,125,'2272173506328',4.2963,20.3754),(578,125,'5086313319737',1.5129,11.6783),(579,125,'6505328202498',5.3535,18.7377),(580,125,'2373117521768',9.9611,11.2600),(581,126,'9621293211300',2.4919,26.2899),(582,126,'7028617445409',1.1374,23.1240),(583,126,'4853272708997',2.7261,22.1303),(584,126,'8206600829136',3.5410,17.1948),(585,126,'7630312220413',5.7527,18.8697),(586,127,'4752210603605',7.5299,12.4126),(587,127,'9434732267433',9.0904,26.2060),(588,127,'3958943657708',1.4732,10.5264),(589,127,'7951899116149',5.1206,18.8498),(590,127,'2268014510079',4.4118,27.7949),(591,128,'4255268837775',8.1415,15.1105),(592,128,'1397063430837',5.0204,28.4223),(593,128,'1408368030491',9.4327,15.4987),(594,128,'8273349638358',2.2231,27.7090),(595,128,'2880990391766',7.9035,26.5511),(596,129,'5194575278395',8.9842,15.5449),(597,129,'7529541836942',5.5106,17.2860),(598,129,'3004070126151',5.8952,14.4855),(599,129,'7503025268905',4.4310,22.2840),(600,129,'1377040637805',6.4146,21.6144),(601,130,'9554999173749',6.2504,26.2317),(602,130,'1483287337652',4.1298,16.6163),(603,130,'6515084961354',4.8737,25.4357),(604,130,'9255834710499',3.1768,17.3683),(605,130,'9018074671926',2.5705,20.6088),(606,131,'3479467576833',1.5277,17.9811),(607,131,'2931932609709',4.4117,23.3123),(608,131,'9032505823145',7.7215,12.6613),(609,131,'8532463358758',9.8187,14.0500),(610,131,'3977970824170',8.2083,27.1042),(611,132,'2465033571125',5.0488,14.5797),(612,132,'2048541043849',8.2294,28.7929),(613,132,'9504162100068',5.7857,16.6125),(614,132,'1268099937002',8.5761,11.2441),(615,132,'8581941915943',5.5660,14.3499),(616,133,'5182088747024',5.9946,14.1410),(617,133,'1273590758284',2.2889,17.0284),(618,133,'9123745378240',2.7098,22.4419),(619,133,'1315063691976',4.3673,20.3586),(620,133,'8853777586488',1.2038,13.1244),(621,134,'9478630688525',1.0509,21.9672),(622,134,'8674688542966',1.7848,27.3275),(623,134,'1884669535855',9.2909,27.7039),(624,134,'4394925640000',2.5217,16.1202),(625,134,'1177769635529',4.9653,10.3628),(626,135,'5951074904922',9.6865,17.7521),(627,135,'7714257817370',8.3466,14.6915),(628,135,'1448777679888',1.7329,12.7208),(629,135,'8174859761513',4.4533,24.6222),(630,135,'6771077748339',9.8190,14.2560),(631,136,'4877757632286',8.3681,27.3541),(632,136,'1062729552040',6.8415,12.4791),(633,136,'6772505318506',6.3039,23.6089),(634,136,'5339533951302',9.3337,20.1690),(635,136,'8137216525997',6.5180,14.2673),(636,137,'9917612356221',8.4334,21.4916),(637,137,'9736252138229',1.6167,15.5798),(638,137,'7734131560477',8.2270,29.2529),(639,137,'1445176923981',4.0160,14.9453),(640,137,'3487690671160',6.7406,20.0161),(641,138,'4635267928246',3.5428,20.7291),(642,138,'9871883482581',7.7915,25.9557),(643,138,'5751264333295',3.3782,28.1212),(644,138,'1705682929769',4.1481,11.5440),(645,138,'5963680085632',5.0596,21.8536),(646,139,'2323975552998',3.5369,24.0996),(647,139,'6824858226226',4.6809,22.1550),(648,139,'9242271758810',9.3749,27.7288),(649,139,'1027900219011',9.6588,13.4311),(650,139,'6298282189915',8.8659,18.5128),(651,140,'5364141997131',6.5417,14.6746),(652,140,'2767845843465',9.7409,26.3840),(653,140,'8111053905142',1.2695,24.3501),(654,140,'3825920624016',8.2035,28.6706),(655,140,'9409654637946',8.5363,28.8627),(656,141,'2117819708654',5.2487,23.6291),(657,141,'6042807466613',6.9803,14.3845),(658,141,'8076844331091',7.9074,13.2177),(659,141,'7567232065042',8.3866,22.5921),(660,141,'3486861681079',3.1595,23.1767),(661,142,'8525885409954',8.1179,15.6503),(662,142,'2079010897033',6.9934,20.3118),(663,142,'3125381146055',9.6982,26.0535),(664,142,'6716450564307',5.9432,16.0212),(665,142,'9392736289399',2.0299,29.0581),(666,143,'1704949225253',3.4223,29.2851),(667,143,'1901137906553',9.5181,10.7310),(668,143,'4381631814558',2.3428,18.0293),(669,143,'5788099800758',9.1592,27.7009),(670,143,'1646813179783',4.1787,19.8827),(671,144,'7406773028605',3.6474,22.2291),(672,144,'7502174327640',8.5686,10.3885),(673,144,'1015988076023',9.8645,29.4926),(674,144,'3593144353280',7.2286,14.1702),(675,144,'6236891891787',8.4127,16.7616),(676,145,'9814396670948',6.7699,16.1309),(677,145,'6867494802123',3.7916,27.4345),(678,145,'7437069113352',9.8676,18.8118),(679,145,'6911882179165',1.4793,28.6816),(680,145,'3496057930567',8.9643,14.7141),(681,146,'2105884256603',9.9390,13.4568),(682,146,'3433651244338',4.9635,23.9490),(683,146,'4743379517273',7.8589,13.6698),(684,146,'9532165506474',2.9747,16.4501),(685,146,'5693767000780',2.1944,22.4075),(686,147,'3908361759129',7.6342,11.0663),(687,147,'8851370944046',4.1301,22.7476),(688,147,'9329516958397',8.1964,18.3667),(689,147,'8514685147927',7.2936,24.4919),(690,147,'5437191987681',4.7988,23.8161),(691,148,'1936934923236',4.8491,21.9816),(692,148,'5213829690589',1.9865,26.5231),(693,148,'9476759332312',1.6019,13.3074),(694,148,'6791417717614',1.5715,10.2002),(695,148,'9408085905249',9.0270,13.1664),(696,149,'8215295209177',3.6065,27.0178),(697,149,'4383867788237',5.1135,18.9400),(698,149,'7261143899814',9.9528,12.7259),(699,149,'5736328239260',7.2742,10.0842),(700,149,'5374075168427',7.6277,23.5236),(701,150,'3933727193764',4.5793,24.2551),(702,150,'2359114282032',6.9326,17.8966),(703,150,'6016188808711',5.1960,21.5062),(704,150,'7008409671456',5.9017,23.2964),(705,150,'5187067012885',2.4039,24.4541),(706,151,'9997199304717',8.8288,27.6367),(707,151,'8493937467505',6.2324,15.5405),(708,151,'8942653122185',1.6682,26.5019),(709,151,'7151320091330',4.0671,14.2196),(710,151,'6023500080738',6.9653,10.5768),(711,152,'2062865265597',6.8200,13.5279),(712,152,'2809309642117',4.2732,25.7643),(713,152,'4933006758624',2.7686,10.4674),(714,152,'5362125606178',2.6036,14.6203),(715,152,'9993536341741',5.6278,17.7364),(716,153,'5024071124855',9.6549,15.5712),(717,153,'6132758101435',6.8979,28.2904),(718,153,'3837619796923',1.8588,14.0633),(719,153,'1096328955935',4.7939,11.2432),(720,153,'3446824196969',7.1325,12.1741),(721,154,'7643504902344',8.1752,21.0331),(722,154,'6866080575223',7.2749,17.8832),(723,154,'7178673870119',7.4363,29.3198),(724,154,'9153339135728',8.1465,17.5272),(725,154,'8351751467314',7.7305,25.5658),(726,155,'6988273880689',3.3905,11.5060),(727,155,'7758940750435',6.5122,18.0833),(728,155,'3577258601331',1.2896,28.9533),(729,155,'1687907070032',5.9089,27.4951),(730,155,'2698993547048',2.1304,21.6255),(731,156,'3025736791761',6.5547,12.2935),(732,156,'8589307327296',6.5853,10.1562),(733,156,'6616936830414',6.6352,14.7131),(734,156,'7860210167545',1.3268,15.3296),(735,156,'1607807920800',1.1065,10.5380),(736,157,'1310024596485',6.3653,13.1831),(737,157,'6927340226253',9.1278,15.2913),(738,157,'4764070122985',8.5069,26.2316),(739,157,'4470460246580',1.4154,21.0308),(740,157,'4806209539642',4.7311,12.5118),(741,158,'8719870346939',7.7455,21.1447),(742,158,'9796503524526',2.8007,24.4033),(743,158,'3756779387778',4.9776,28.9711),(744,158,'9957414256219',7.6015,12.1210),(745,158,'2312795367466',4.9309,17.3540),(746,159,'9284998827159',6.8466,23.3399),(747,159,'9612760491280',3.2920,29.2210),(748,159,'5944422757287',4.8519,17.9067),(749,159,'7161944031575',3.7477,13.3467),(750,159,'7982828556679',7.4755,25.4475),(751,160,'1757953924885',2.7608,12.4035),(752,160,'6368779292331',7.1915,28.7763),(753,160,'9869870669909',1.5409,27.1146),(754,160,'2108621694031',2.5037,13.2759),(755,160,'6928376709064',4.2659,20.8161),(756,161,'7328986186111',9.1241,22.6404),(757,161,'8360269333771',5.0803,17.1140),(758,161,'9793196048188',3.2879,15.9233),(759,161,'3839766794293',8.6758,21.4248),(760,161,'4555033711560',3.6929,21.3121),(761,162,'2518115961249',7.4742,21.2771),(762,162,'2425804982509',8.2241,29.4093),(763,162,'9203619505184',1.7832,27.9299),(764,162,'8901853068519',3.5015,28.6771),(765,162,'7690296382697',6.1856,28.6283),(766,163,'5917061543547',6.8682,15.8867),(767,163,'2299487176156',4.5281,10.0572),(768,163,'4129086003589',8.9299,21.1132),(769,163,'2160189424660',5.4525,12.6889),(770,163,'7239304558783',6.1309,24.6962),(771,164,'3122780007221',9.1306,10.2538),(772,164,'5717463790939',6.2215,20.5294),(773,164,'5721362795669',7.5118,28.8253),(774,164,'2722212407070',8.2281,24.9978),(775,164,'1603763432430',8.9579,13.3763),(776,165,'1213890210865',5.1457,23.3418),(777,165,'9786267784222',1.0909,22.4725),(778,165,'3826178794274',2.6938,13.5451),(779,165,'3233571039466',3.4764,28.2658),(780,165,'7163564826306',6.7830,23.7349),(781,166,'5608408932640',4.8962,18.8899),(782,166,'2983792152917',3.3232,10.3122),(783,166,'9010365444002',7.6227,28.1514),(784,166,'8390524976185',1.0062,16.5615),(785,166,'5607225242778',5.4066,23.9450),(786,167,'6732251967654',6.8195,18.9277),(787,167,'4648714662684',6.3090,14.9584),(788,167,'7138706618540',2.1231,11.3700),(789,167,'7192691407528',7.0218,21.4415),(790,167,'9793041781143',6.9071,23.1247),(791,168,'7209544903084',8.7602,28.9443),(792,168,'2985958459877',1.4335,25.6556),(793,168,'9449632389767',4.4408,25.6843),(794,168,'4690061760040',2.6626,10.8628),(795,168,'8633113200516',3.8957,13.5999),(796,169,'2749473998041',6.3488,21.0550),(797,169,'4222501170766',5.6057,20.9705),(798,169,'9705486294509',7.0626,29.7857),(799,169,'9222810172530',5.9098,10.8198),(800,169,'5536131888488',7.4169,29.5455),(801,170,'3879775879740',4.0651,24.2727),(802,170,'4952419108288',4.0356,16.5540),(803,170,'7570443238291',5.7521,24.4086),(804,170,'8180620870976',1.4962,26.5881),(805,170,'1044413032393',3.6750,25.6391),(806,171,'4287789570066',4.1286,10.7593),(807,171,'4790616675873',3.8285,10.3180),(808,171,'3623077747509',3.4662,17.1888),(809,171,'8168209073138',5.6932,16.4687),(810,171,'8494469030261',2.0646,15.4630),(811,172,'8958940871229',5.9890,21.3609),(812,172,'5877505699514',4.5532,12.2433),(813,172,'8704719503903',8.0223,19.5154),(814,172,'3241632197551',8.9673,28.6072),(815,172,'1698311644474',7.7363,27.5713),(816,173,'6362487375475',3.4228,23.2520),(817,173,'4751214227904',5.2848,26.4730),(818,173,'8054956351212',5.6257,22.5627),(819,173,'4120880419179',7.5421,15.7014),(820,173,'6104233031983',4.9678,12.8364),(821,174,'9754258263749',6.5720,10.8397),(822,174,'6618023125117',4.1001,29.2454),(823,174,'4206532686554',4.1525,25.2387),(824,174,'2182637095197',7.3883,21.7217),(825,174,'4315943909789',9.0169,27.3976),(826,175,'1244358285794',6.6250,21.8880),(827,175,'2655659182644',2.2614,29.0855),(828,175,'5289733426582',5.2315,26.3171),(829,175,'4230279059652',9.9836,15.7559),(830,175,'4893585278441',9.7742,13.6616),(831,176,'2899631312412',2.3673,20.9332),(832,176,'4390234167216',8.6906,26.9280),(833,176,'8462214990058',9.2271,20.0745),(834,176,'6394172382721',6.3266,11.0687),(835,176,'7678431497341',6.8174,16.7633),(836,177,'8460298040589',6.8865,13.6890),(837,177,'5830285353073',4.5949,13.5452),(838,177,'1141081189734',8.1884,25.3759),(839,177,'7520343511754',3.8683,22.3222),(840,177,'3156919525507',8.9211,14.6996),(841,178,'7357340557164',7.8323,29.2656),(842,178,'5177491442463',7.5152,25.4655),(843,178,'9505947926469',8.6516,12.6512),(844,178,'1839223355144',3.0364,23.3870),(845,178,'2345748291108',6.0710,21.3754),(846,179,'2018438656471',6.1734,26.0246),(847,179,'7633740302555',7.2161,24.7002),(848,179,'1777389603496',2.9676,21.8623),(849,179,'6338258511991',5.9704,25.0528),(850,179,'5530549305846',1.2452,25.0325),(851,180,'7178352718247',5.7442,21.1745),(852,180,'9667796195018',8.3722,23.0421),(853,180,'9715027025397',9.8990,14.2788),(854,180,'9208741758294',9.9606,22.4468),(855,180,'9907785703832',1.5720,18.9900),(856,181,'3623163076127',1.6165,12.1510),(857,181,'9396331945912',8.1745,10.1059),(858,181,'2556592635527',2.5398,28.8861),(859,181,'7681336833408',8.7717,20.8863),(860,181,'6734351610954',5.3306,25.8047),(861,182,'3025820184364',2.1417,25.8778),(862,182,'4271340331566',1.0590,28.8148),(863,182,'6423771378116',2.3187,25.1824),(864,182,'7434967741604',6.5007,29.3822),(865,182,'5082854433747',7.8640,28.0794),(866,183,'5908872972582',2.2689,14.7907),(867,183,'1004895880101',4.9406,23.4340),(868,183,'5099129514209',5.0900,10.4439),(869,183,'8966197034140',6.5658,24.3635),(870,183,'1182761806169',5.9882,21.6466),(871,184,'9115563509521',4.5993,13.1329),(872,184,'6444150375960',1.2082,15.7482),(873,184,'7430209890688',7.7117,25.6359),(874,184,'4149368105152',5.3170,28.9544),(875,184,'1055476444434',9.9244,16.9457),(876,185,'3992329080430',8.8442,18.9974),(877,185,'9685754648038',2.7410,14.2330),(878,185,'4712531457937',5.9741,26.1697),(879,185,'4022288135801',8.7087,23.3266),(880,185,'1159141708880',4.8891,10.9588),(881,186,'3005568823374',6.1299,15.7879),(882,186,'8030488159534',1.7109,15.0585),(883,186,'5325192931924',4.8007,22.5676),(884,186,'9463127461129',7.1990,15.5748),(885,186,'4154604851404',1.0198,29.2283),(886,187,'1695007967080',3.7866,24.0071),(887,187,'2327887303990',2.6599,14.3039),(888,187,'5519248177884',3.1579,14.7985),(889,187,'9777466919663',5.8447,14.7860),(890,187,'1803591249834',9.6872,20.9910),(891,188,'8397228388932',7.7339,28.0829),(892,188,'8224321425489',4.3720,24.6712),(893,188,'9838499539389',3.7075,15.9143),(894,188,'5631767473550',8.7948,22.6648),(895,188,'4081106520140',3.5926,16.8612),(896,189,'4914186080632',8.6550,28.7286),(897,189,'3178204894984',4.1748,23.6719),(898,189,'1254969065067',3.6010,24.5302),(899,189,'3241259575836',4.3024,10.6370),(900,189,'5393392220657',6.6314,12.7143),(901,190,'5672552658861',1.9396,12.2984),(902,190,'2302064073484',3.6754,29.9537),(903,190,'4356888610139',1.9843,26.4996),(904,190,'5716683009446',1.0613,16.1582),(905,190,'2985748300965',2.5148,10.4566),(906,191,'1684664467623',2.1493,26.1953),(907,191,'9295590551809',2.2912,25.5387),(908,191,'8640714870061',9.2887,13.7906),(909,191,'1980274040356',5.5780,10.8089),(910,191,'7932424824477',9.0053,25.0868),(911,192,'8625070948864',3.2838,20.9115),(912,192,'4002631479446',1.3192,25.0400),(913,192,'5387871473728',4.6536,24.4257),(914,192,'2541159618788',5.4385,10.9370),(915,192,'4925750778754',9.9810,24.4189),(916,193,'4799969487504',1.2415,13.7502),(917,193,'5272530186766',8.8011,23.2414),(918,193,'5685590940985',6.4436,27.4717),(919,193,'9933352831516',8.9607,17.0732),(920,193,'7419278822139',5.8027,18.4398),(921,194,'6886048193618',4.5251,23.8418),(922,194,'7597231793129',8.9861,19.0670),(923,194,'5827670187937',3.7351,25.7626),(924,194,'4828742290667',8.1614,23.3143),(925,194,'2490234344068',6.1193,23.3273),(926,195,'5329125782985',2.7162,17.1581),(927,195,'8785208285438',6.2560,29.0149),(928,195,'7315577154017',1.1872,19.2036),(929,195,'4589181936180',7.1720,25.5528),(930,195,'5211954495579',5.4837,29.1131),(931,196,'2031604276070',5.1356,27.5452),(932,196,'8012662033636',2.7240,14.3712),(933,196,'2356047783201',5.6385,29.5967),(934,196,'2535479326662',7.7585,26.1700),(935,196,'8756944801855',6.9806,25.5747),(936,197,'4374326460339',1.8390,18.8550),(937,197,'8004918757551',2.0726,15.4384),(938,197,'1920829339965',9.2108,13.9276),(939,197,'8711903012817',3.5133,16.9109),(940,197,'5412097451951',4.2396,17.6746),(941,198,'2817659529656',3.1122,24.9087),(942,198,'8106791978250',3.3811,27.9104),(943,198,'2215430228082',5.2348,20.6762),(944,198,'8688558642901',7.9581,15.7087),(945,198,'8801345081784',3.4054,29.6146),(946,199,'7506278376709',2.6971,20.5499),(947,199,'3655680420147',2.3862,15.1618),(948,199,'2310789610788',5.6027,25.5619),(949,199,'5730190940971',3.9265,14.5861),(950,199,'1901640848415',7.8355,27.9182),(951,200,'1989755909361',8.1646,17.1852),(952,200,'1970185729438',3.3655,18.0043),(953,200,'5920160243316',7.9577,12.1330),(954,200,'7268115560529',4.3368,14.6063),(955,200,'5051408925660',3.7750,26.4524),(956,201,'7445973050466',2.3392,23.2297),(957,201,'6982117842082',9.8348,19.2522),(958,201,'6165359001393',9.0210,25.7618),(959,201,'1770788506067',7.2545,17.6174),(960,201,'2353294626399',9.4934,20.4445),(961,202,'7595768706853',1.8979,27.9350),(962,202,'5232421325120',6.7587,24.3921),(963,202,'4161927472653',3.4390,12.9921),(964,202,'2121322259911',6.5409,18.9335),(965,202,'9308101760594',6.5142,20.1538),(966,203,'7251574395191',3.7464,10.0099),(967,203,'4739485764427',9.6746,20.4197),(968,203,'6770270983025',3.6621,12.5036),(969,203,'3903699802430',9.3057,23.0163),(970,203,'4097941840865',6.0146,11.7801),(971,204,'6376484426192',1.0753,14.9977),(972,204,'1457772376765',9.0376,16.3709),(973,204,'9232575373527',4.4821,10.5236),(974,204,'6635647995941',4.5126,20.4852),(975,204,'3423096557798',8.7187,11.9771),(976,205,'9621376420967',7.1398,11.8296),(977,205,'7474140220540',1.6616,20.4203),(978,205,'2771744406281',7.9013,27.4808),(979,205,'8600998014897',9.9476,28.1322),(980,205,'9093665086455',4.9219,26.4064),(981,206,'5792355752876',3.0609,24.0431),(982,206,'3928493280595',7.9837,13.9576),(983,206,'5358725398708',9.9291,10.5685),(984,206,'3525515582587',4.5366,26.0331),(985,206,'8102253088486',7.2145,12.6844),(986,207,'5749349548489',9.3018,25.4015),(987,207,'7891594509126',9.7611,15.6964),(988,207,'4758726639256',1.4593,11.0772),(989,207,'7982551005477',7.2573,11.6751),(990,207,'4084653186003',9.8413,14.3578),(991,208,'1243569703170',1.6139,24.2191),(992,208,'4286535408414',8.0894,17.9839),(993,208,'1851062407015',6.1972,19.4283),(994,208,'6716142435676',8.1714,20.8843),(995,208,'3437644949359',4.0826,13.1342),(996,209,'9167455237485',7.8635,10.5783),(997,209,'4453598252389',9.0711,26.6248),(998,209,'5697030832524',9.9490,24.7377),(999,209,'6339806985073',6.5581,11.3302),(1000,209,'9614360199954',5.7660,13.2008),(1001,210,'1826073517393',7.1781,11.2711),(1002,210,'1390417494561',2.1637,23.4089),(1003,210,'3960863295530',6.5447,15.4333),(1004,210,'8441119706968',3.4226,15.2370),(1005,210,'9852309822107',2.3660,26.4457),(1006,211,'6983883777067',4.0264,20.5918),(1007,211,'3374439759163',3.8461,11.7316),(1008,211,'6082280048866',4.0545,26.5088),(1009,211,'7735471010254',6.6351,19.8045),(1010,211,'8499776092857',4.0136,16.0661),(1011,212,'3318640435249',8.9230,21.7822),(1012,212,'4651496879568',5.8831,23.6683),(1013,212,'6170281786472',5.2807,11.6259),(1014,212,'9396381502157',8.7753,12.1203),(1015,212,'4077557872054',9.9752,26.7283),(1016,213,'6853541170767',1.0407,17.7778),(1017,213,'1723611372064',9.9729,26.2604),(1018,213,'7121248085126',2.3900,14.1602),(1019,213,'8042353165236',7.4874,20.0206),(1020,213,'6237614215392',1.8285,12.8001),(1021,214,'6490244720577',5.4711,25.8539),(1022,214,'9517569741524',1.6505,22.9480),(1023,214,'1148727122019',2.7534,12.2663),(1024,214,'5445880142108',1.3046,29.1014),(1025,214,'1102210633770',2.6704,18.9152),(1026,215,'5800784179915',3.9367,17.5915),(1027,215,'8038304488121',7.8050,24.8246),(1028,215,'5486393975673',1.5379,27.1716),(1029,215,'4209724788780',9.2122,25.9530),(1030,215,'7759017091067',3.7043,27.7918),(1031,216,'2382028689455',1.9985,10.9704),(1032,216,'7946169071674',6.6416,20.7558),(1033,216,'1263039119115',9.8754,15.4363),(1034,216,'5759600025680',1.4636,26.8851),(1035,216,'1823506735864',1.9238,21.7235),(1036,217,'4464614299679',5.1867,22.9820),(1037,217,'8346381936710',4.8349,24.9102),(1038,217,'2076712186512',8.3192,19.9452),(1039,217,'5135213106402',6.3746,16.2090),(1040,217,'9262845705089',6.6853,15.5776),(1041,218,'7208580324080',7.0938,11.7305),(1042,218,'1105112686137',5.1229,12.2749),(1043,218,'4226045916006',8.5189,19.2531),(1044,218,'1091277243990',7.8962,10.6366),(1045,218,'8043505632671',2.5210,26.7873),(1046,219,'4505785360529',3.9365,18.9966),(1047,219,'8723672748415',4.9936,18.7208),(1048,219,'7088182753425',9.7868,21.3074),(1049,219,'3579138503129',7.2160,21.6880),(1050,219,'5951247226261',9.6941,16.5199),(1051,220,'1453507486949',5.5240,14.1110),(1052,220,'3855163133004',5.0471,17.5688),(1053,220,'2085330075274',5.2362,16.7811),(1054,220,'4020266168278',8.4392,23.2249),(1055,220,'1355599633677',1.7781,20.6192),(1056,221,'3543471057131',2.6499,20.4029),(1057,221,'3005426512632',6.3184,21.2853),(1058,221,'2136932000282',2.5834,13.9638),(1059,221,'3575567424606',9.1977,19.0871),(1060,221,'5942759037467',8.6986,29.7570),(1061,222,'1161211738433',3.4947,27.2737),(1062,222,'9255822441165',5.5309,12.7296),(1063,222,'5312248007986',6.3862,23.4406),(1064,222,'3008606658553',3.6832,10.3211),(1065,222,'3221694268094',8.6729,16.5342),(1066,223,'1408099053708',2.5217,21.0030),(1067,223,'2363911441267',9.2185,19.9798),(1068,223,'1743765049304',7.6667,28.1856),(1069,223,'8329425245675',9.5196,14.7703),(1070,223,'4676810758369',6.7490,23.6759),(1071,224,'5054426619935',9.9850,26.8593),(1072,224,'1617790516509',2.8260,14.0230),(1073,224,'5226705728069',3.2758,21.7223),(1074,224,'3129526033642',3.3280,24.1957),(1075,224,'4943393289617',7.7979,20.9196),(1076,225,'3872570789277',7.0406,17.1263),(1077,225,'9901529663938',5.1031,19.4030),(1078,225,'7371245215296',6.8953,17.4080),(1079,225,'6905326197897',1.3233,17.2730),(1080,225,'3777810599737',7.9624,12.8423),(1081,226,'5320578761459',5.0409,25.0323),(1082,226,'1743120118186',5.7068,17.2663),(1083,226,'6623056877183',2.9623,22.6714),(1084,226,'2316433443366',4.9677,14.9587),(1085,226,'8365956038114',3.0482,20.9770),(1086,227,'2405592066193',9.2671,28.6689),(1087,227,'4192953167589',2.2653,20.7807),(1088,227,'4412517549218',7.6833,24.1544),(1089,227,'9031844663026',5.3565,15.5738),(1090,227,'4259365133232',7.7454,18.7295),(1091,228,'9167022445131',8.1459,29.7972),(1092,228,'7328265666858',9.2328,14.8224),(1093,228,'1981014944372',8.0217,11.7053),(1094,228,'1194615675322',6.6729,28.1159),(1095,228,'7147132004761',3.9074,17.7336),(1096,229,'3847480154195',2.5988,13.7176),(1097,229,'3615098548678',4.5994,22.9933),(1098,229,'3122668145259',3.0924,19.8239),(1099,229,'6129115769389',3.4925,12.3262),(1100,229,'1777462219889',2.2430,15.0034),(1101,230,'7632609178858',6.7142,20.0285),(1102,230,'9933728478985',1.0012,17.2263),(1103,230,'8843731583177',9.7246,14.8927),(1104,230,'6687013030517',2.5252,21.1897),(1105,230,'3842618062074',3.3040,28.1803),(1106,231,'8352687111704',3.6770,23.2712),(1107,231,'4528516529598',6.6653,11.2131),(1108,231,'2846422618408',9.2335,13.5914),(1109,231,'7643996215309',6.5812,20.9807),(1110,231,'1468825658187',4.6126,28.5476),(1111,232,'4850871290831',2.4358,13.4058),(1112,232,'8245764934258',7.9211,26.5727),(1113,232,'4244734135648',9.2725,18.7011),(1114,232,'2588742210039',7.6196,26.4856),(1115,232,'4348440467426',1.4946,22.6786),(1116,233,'4273716166987',9.2292,16.7052),(1117,233,'2194242467222',7.4677,25.5401),(1118,233,'8895761252920',8.9795,25.2772),(1119,233,'1015478114084',6.4078,24.4690),(1120,233,'3939963101453',2.9924,24.0852),(1121,234,'6893211929286',1.4424,14.9987),(1122,234,'9130279816120',3.3627,17.2943),(1123,234,'5327172143622',8.6971,28.1661),(1124,234,'3266491352897',8.8799,11.5954),(1125,234,'9116242435324',7.8532,27.1558),(1126,235,'6774085446463',4.6341,28.1708),(1127,235,'8750604668466',5.5757,25.0134),(1128,235,'4975782531302',1.0212,27.4476),(1129,235,'7081689771874',8.1477,11.1150),(1130,235,'5367292592941',8.7081,20.0377),(1131,236,'3037628809110',8.1841,10.0810),(1132,236,'1005188899319',5.2819,11.3634),(1133,236,'1357001233077',6.8311,29.7607),(1134,236,'1155344891054',6.7318,22.8766),(1135,236,'6581434440624',5.5935,25.1037),(1136,237,'4095575910005',9.7562,13.0513),(1137,237,'6977385215457',1.4906,21.9976),(1138,237,'7488661982167',7.1556,24.6148),(1139,237,'1626388768885',9.8538,16.3145),(1140,237,'2690415242654',1.2997,16.0093),(1141,238,'9667196017435',4.3976,26.9763),(1142,238,'5088397894834',3.5216,26.0038),(1143,238,'2496209750731',9.9579,22.9178),(1144,238,'7446569390013',1.4980,21.2915),(1145,238,'6493677950127',4.4897,17.4628),(1146,239,'6710226272126',9.3412,25.0556),(1147,239,'9393371697930',3.9044,21.7106),(1148,239,'2337450072594',5.6037,14.2614),(1149,239,'7325713993287',1.6760,29.6610),(1150,239,'6286063567176',8.6943,19.3250),(1151,240,'3202683894325',5.0197,22.7683),(1152,240,'2549873787097',6.8415,27.8016),(1153,240,'3453058053155',3.3119,26.1520),(1154,240,'3564114536500',4.6173,20.0295),(1155,240,'9319324730559',8.5281,14.6432),(1156,241,'8350783696136',6.6468,19.6942),(1157,241,'5749785594291',2.0382,28.9547),(1158,241,'1675810398198',6.1651,10.4774),(1159,241,'9428402475082',5.6367,20.0695),(1160,241,'1454335292860',2.0851,19.2034),(1161,242,'5179108118992',1.8145,11.5246),(1162,242,'7211543183207',1.6367,21.5772),(1163,242,'3928972770832',3.1547,24.8610),(1164,242,'3806899413775',5.6037,18.0665),(1165,242,'7112208275292',4.4803,22.9901),(1166,243,'5616131301214',5.6603,14.5288),(1167,243,'1479965108474',6.3809,26.9768),(1168,243,'5342914124031',7.2494,10.1837),(1169,243,'5375154054372',6.0037,20.0412),(1170,243,'2600132323048',6.6599,20.3268),(1171,244,'5078193469914',2.3048,21.1833),(1172,244,'7107938845651',4.8163,22.2958),(1173,244,'8061395527158',3.3471,19.5081),(1174,244,'6719285914166',1.9959,17.2405),(1175,244,'1647704901618',2.4002,13.8053),(1176,245,'9024342135163',8.6902,18.9382),(1177,245,'3377285376684',6.2563,24.2937),(1178,245,'8985570122402',7.2410,18.5505),(1179,245,'7553294268032',9.8778,12.9582),(1180,245,'7035416534371',8.3162,20.4581),(1181,246,'5831606363184',3.2230,19.5416),(1182,246,'9964712953855',8.5434,20.5609),(1183,246,'9568926164906',9.7452,14.9765),(1184,246,'1429294649706',1.5700,19.6710),(1185,246,'5375988553715',1.6737,21.8422),(1186,247,'1071218231955',3.6180,11.8366),(1187,247,'9866182373323',8.7130,18.4707),(1188,247,'1652361584053',6.4825,25.8854),(1189,247,'2179031676290',2.9819,19.9147),(1190,247,'2299480979302',1.7583,20.7108),(1191,248,'5306384557422',4.7837,28.0055),(1192,248,'4139938230398',4.9273,14.7781),(1193,248,'8677125859888',3.0555,15.6434),(1194,248,'7064940234487',1.4191,18.1033),(1195,248,'7015052523387',6.9817,18.3331),(1196,249,'7058368842026',7.7972,20.3809),(1197,249,'9134063412066',3.0552,19.5459),(1198,249,'7560103696707',6.0170,20.0890),(1199,249,'9463481208910',4.9001,22.3786),(1200,249,'5621325931541',1.9858,26.8774),(1201,250,'9233563305857',8.0404,25.4161),(1202,250,'4613612926806',4.1062,29.2219),(1203,250,'4172249418533',3.0908,28.1443),(1204,250,'2482481010700',4.2528,15.0763),(1205,250,'9436004024649',2.2935,17.7081),(1206,251,'3083243605766',3.1607,26.4557),(1207,251,'1172193731989',1.7766,10.1717),(1208,251,'6770826515205',1.6786,23.2320),(1209,251,'1777971657846',1.7890,26.1680),(1210,251,'4770213464875',2.9057,20.9875),(1211,252,'5872879671743',4.6142,15.4006),(1212,252,'3485191625665',9.3096,21.7720),(1213,252,'3852874631314',9.3435,23.8006),(1214,252,'3116699974689',7.4849,29.9938),(1215,252,'7493793215925',8.5965,12.6520),(1216,253,'7183074148265',1.5029,11.4929),(1217,253,'5391569380988',9.2512,14.1510),(1218,253,'4160672228543',5.4897,23.7970),(1219,253,'8446581723902',1.0624,20.2862),(1220,253,'1168791828030',7.6528,13.0135),(1221,254,'5211069613304',3.7812,21.0334),(1222,254,'8119717996277',8.9023,23.5883),(1223,254,'1681892645085',2.4205,26.7709),(1224,254,'8973936808390',5.2471,23.4702),(1225,254,'8066948593031',9.0866,22.6837),(1226,255,'5708055277782',9.8907,26.8902),(1227,255,'8405585375419',9.3326,12.2363),(1228,255,'5119998481458',9.9899,28.7770),(1229,255,'5786619795590',4.9714,11.4131),(1230,255,'4756698559724',1.4636,15.2650),(1231,256,'7557901800308',1.3010,10.8901),(1232,256,'6172369889180',6.4356,12.3200),(1233,256,'1859216302251',1.1044,19.3362),(1234,256,'6029433464140',8.7807,17.2812),(1235,256,'2028427533095',7.0211,14.7628),(1236,257,'6500567136827',6.1685,27.3300),(1237,257,'9771930743928',1.4088,22.1233),(1238,257,'4465316735162',6.0353,16.8058),(1239,257,'7178188073304',2.6278,28.1818),(1240,257,'8392146019860',6.2128,25.5068),(1241,258,'7923061334523',3.7037,23.6969),(1242,258,'7446086758813',1.8406,19.7917),(1243,258,'4546881704891',2.2489,11.0049),(1244,258,'2748911917881',5.6040,24.5072),(1245,258,'2479578964309',9.3467,23.3462),(1246,259,'3316073624636',8.2563,11.3972),(1247,259,'5725988529778',7.9753,14.2817),(1248,259,'4864251993590',6.0649,20.8135),(1249,259,'4498285153482',3.3756,24.2276),(1250,259,'1330766956664',9.0184,17.7141),(1251,260,'7977189000955',8.4415,28.1691),(1252,260,'3853230293318',3.9226,27.1052),(1253,260,'9589083441472',4.7081,14.1932),(1254,260,'2740871907069',4.0577,23.8709),(1255,260,'9677595093809',2.3808,19.8016),(1256,261,'4099546060280',6.9981,14.4924),(1257,261,'3953332023847',5.9320,25.5063),(1258,261,'6989723734275',8.8078,14.4221),(1259,261,'1465033943015',8.4075,26.0707),(1260,261,'9792729603857',4.6055,27.3173),(1261,262,'9738852953134',9.3375,20.6946),(1262,262,'1721822309511',2.6184,27.2947),(1263,262,'4522093277914',7.0179,17.2577),(1264,262,'9316203513590',5.8517,14.2275),(1265,262,'3795746130163',5.3818,24.1067),(1266,263,'7425880819373',3.4579,26.6725),(1267,263,'8524396197391',6.1913,23.6487),(1268,263,'3654665074824',8.8453,29.5240),(1269,263,'5224634613336',9.1428,17.7328),(1270,263,'6446233094358',2.2950,28.4473),(1271,264,'5380654536864',3.3000,16.8461),(1272,264,'9542246463428',6.5299,14.1821),(1273,264,'4863784914149',6.8955,25.2807),(1274,264,'3817218888780',6.9577,24.6660),(1275,264,'2343643534587',8.8133,16.2676),(1276,265,'6686624086193',7.5071,14.6524),(1277,265,'2196522726888',7.4831,10.8037),(1278,265,'8969135802994',9.5329,12.7461),(1279,265,'9371398245236',4.8597,21.1233),(1280,265,'8490030830274',2.2590,20.1865),(1281,266,'6368509844193',6.8237,29.5243),(1282,266,'8274665244028',8.2152,28.9624),(1283,266,'2575774388299',4.7427,19.9932),(1284,266,'5836969860829',5.9431,14.3861),(1285,266,'5538791072120',5.0718,17.3543),(1286,267,'7827487499875',9.8804,13.1075),(1287,267,'2948552575186',9.1062,27.2624),(1288,267,'3693580175567',1.6064,20.7333),(1289,267,'1962215929621',2.6089,10.1363),(1290,267,'9602078461831',2.7412,23.7461),(1291,268,'2233086771943',7.5324,15.9516),(1292,268,'4077246413924',2.5704,25.9000),(1293,268,'2958021738699',4.2367,16.3911),(1294,268,'6869801951815',3.6003,27.6131),(1295,268,'7136566932170',6.0811,28.8243),(1296,269,'2021960040718',2.7858,16.7605),(1297,269,'8970996203509',1.4556,22.0505),(1298,269,'2153266784719',2.1814,15.4644),(1299,269,'1548129576691',3.2012,14.0384),(1300,269,'3246834019670',4.7075,15.6160),(1301,270,'5777627852491',9.0188,28.7743),(1302,270,'7641466372612',7.9848,12.6316),(1303,270,'2985243068583',8.9484,19.0988),(1304,270,'3898662444799',8.9298,13.7037),(1305,270,'2222970008027',9.2724,11.0146),(1306,271,'8529519377621',1.1814,19.9230),(1307,271,'1578920876584',3.8812,19.2559),(1308,271,'9477098053031',6.9252,10.0766),(1309,271,'2846778728907',2.1867,29.8521),(1310,271,'9007615009496',4.8385,29.6412),(1311,272,'5064976098337',3.4234,29.1765),(1312,272,'3032623331003',4.9121,19.4262),(1313,272,'4650352110827',9.5913,10.6829),(1314,272,'2163619068709',4.6838,26.2090),(1315,272,'6854823676879',7.3869,12.8662),(1316,273,'1502950533565',5.3434,22.5220),(1317,273,'1062693898859',3.1095,11.8997),(1318,273,'5201934198509',6.3135,20.0779),(1319,273,'3636512174201',6.4837,13.3882),(1320,273,'9215756514037',5.8027,17.8544),(1321,274,'5351009105669',9.3461,28.5727),(1322,274,'3012570711902',1.5547,11.1783),(1323,274,'9967568554853',4.7935,23.9548),(1324,274,'5375823636732',4.2468,14.4174),(1325,274,'8649854728337',1.0627,27.4368),(1326,275,'3006502750034',5.4718,17.3235),(1327,275,'2372458300721',2.0342,10.0440),(1328,275,'3314454645783',4.9687,20.8088),(1329,275,'3278668613201',1.6091,27.0785),(1330,275,'9780157267770',7.7635,29.3889),(1331,276,'8148582745503',1.9768,15.8005),(1332,276,'7344822340403',4.8160,20.3575),(1333,276,'6569380851884',9.6969,23.5789),(1334,276,'6216690419266',6.3558,12.0684),(1335,276,'3131563348604',1.9555,22.4177),(1336,277,'8128064211186',4.6980,27.4697),(1337,277,'7106672333017',5.9725,16.5237),(1338,277,'4229411315902',4.2040,25.7700),(1339,277,'5259680453641',4.9347,28.2839),(1340,277,'2413679691391',9.3891,18.8851),(1341,278,'3569292171861',7.6756,27.4486),(1342,278,'6903581752905',4.6968,22.5902),(1343,278,'6225506730213',4.7755,12.5306),(1344,278,'5888148627217',6.4645,13.9774),(1345,278,'1495543848856',1.3964,28.8034),(1346,279,'7135255306873',7.2577,29.0817),(1347,279,'9511337980795',8.8560,13.1478),(1348,279,'7250895558395',5.5445,26.9918),(1349,279,'8158739865824',6.5975,24.8006),(1350,279,'7254830722942',5.0658,18.3237),(1351,280,'2953323765854',9.5593,29.1661),(1352,280,'5662853919772',1.2913,14.1819),(1353,280,'3335944290510',4.2156,14.9194),(1354,280,'9844693316504',5.2049,13.1079),(1355,280,'2465491277907',4.5795,13.5136),(1356,281,'4477519866913',3.7402,29.3578),(1357,281,'9991993313392',7.5060,15.2879),(1358,281,'2889498977242',6.5300,11.4864),(1359,281,'7400074335088',2.7907,28.4735),(1360,281,'5327087008481',1.4558,28.6756),(1361,282,'1188054853378',5.1319,18.6382),(1362,282,'4811705338782',2.7934,23.7606),(1363,282,'4644245330965',3.2435,13.0233),(1364,282,'2272705087381',5.0048,20.1907),(1365,282,'3525104114532',8.6801,27.7305),(1366,283,'4596977290769',8.4844,15.1888),(1367,283,'6743774001676',8.9970,16.3250),(1368,283,'3701143742682',2.1283,16.9111),(1369,283,'1032835464742',1.6948,17.5210),(1370,283,'4641122064975',7.3602,26.1620),(1371,284,'3974705210775',9.7845,28.3488),(1372,284,'7267891996205',3.4255,19.7992),(1373,284,'6110210133414',3.2613,29.7852),(1374,284,'5551355787693',3.7640,21.3761),(1375,284,'7172456830143',1.8147,27.2332),(1376,285,'7872404905978',6.5256,27.8228),(1377,285,'1289555419194',6.1590,20.7584),(1378,285,'6437705880791',7.9183,13.4214),(1379,285,'5414929478920',2.9996,20.3505),(1380,285,'7482947876533',7.6142,25.8599),(1381,286,'5390752524891',6.7048,16.7010),(1382,286,'1669210770043',1.6216,13.0797),(1383,286,'7839533359175',9.1077,11.9500),(1384,286,'6215531074463',8.1932,24.8327),(1385,286,'2573799409949',5.4810,22.3195),(1386,287,'8582749518318',6.9068,26.4740),(1387,287,'3471619526543',6.5087,13.9051),(1388,287,'5548205529276',5.2832,14.6155),(1389,287,'9065367500511',1.7807,24.3486),(1390,287,'7976964100128',6.1514,23.6191),(1391,288,'7280501387343',5.2817,18.2006),(1392,288,'3160942725937',9.6116,19.0117),(1393,288,'9221927053358',6.0894,29.8422),(1394,288,'7880717323338',4.6608,16.3666),(1395,288,'4104193332910',8.6424,11.7476),(1396,289,'3033191111044',3.1118,29.6967),(1397,289,'9235020666088',1.2904,11.4485),(1398,289,'5980058484498',4.6991,15.1919),(1399,289,'2290785163299',7.7793,13.2546),(1400,289,'2996940976318',4.4097,21.2630),(1401,290,'2385634707786',4.5743,14.9125),(1402,290,'2212465446342',2.8973,17.6943),(1403,290,'5406113585174',5.5014,16.3573),(1404,290,'2703252819475',3.9980,26.5083),(1405,290,'5148745210640',5.4032,26.0477),(1406,291,'6444639780179',4.8262,11.9139),(1407,291,'3914081119286',7.0488,16.8660),(1408,291,'9214329484124',9.2120,10.4536),(1409,291,'6337823805880',6.6138,14.0703),(1410,291,'6966901849279',2.4469,19.7883),(1411,292,'6142349689220',5.0087,20.6464),(1412,292,'6888004064937',5.3101,27.7865),(1413,292,'4884335452613',9.6546,26.8281),(1414,292,'3810875325536',6.0012,20.9604),(1415,292,'2767017186816',6.8783,17.6688),(1416,293,'6163094137695',6.8041,24.1335),(1417,293,'7677252752996',1.8372,23.1832),(1418,293,'9094975768480',2.5405,14.5338),(1419,293,'4088124972925',7.0924,28.7550),(1420,293,'6834923150523',5.6990,16.5461),(1421,294,'7305871607871',5.0888,18.1671),(1422,294,'4713514675301',7.8142,12.8748),(1423,294,'2029369247375',2.7950,11.2371),(1424,294,'3822466179931',3.0150,25.1383),(1425,294,'8904242960442',2.3745,25.3525),(1426,295,'8299222932390',4.2175,25.1989),(1427,295,'7391993798365',7.3714,27.0695),(1428,295,'3953886020501',7.9403,29.9951),(1429,295,'8641121045233',9.6798,11.0355),(1430,295,'2349875751469',7.2544,10.9362),(1431,296,'3421425993588',2.3851,26.5282),(1432,296,'1382366021160',3.1186,23.6848),(1433,296,'3338574031021',7.2214,24.4755),(1434,296,'4500154064638',8.2820,19.1851),(1435,296,'2847110355455',3.6489,10.2079),(1436,297,'1240441163139',6.2103,13.7678),(1437,297,'7657884945516',1.1338,14.7401),(1438,297,'5973929234905',3.6775,13.5013),(1439,297,'9157147828912',4.3976,29.0959),(1440,297,'7319391518384',1.0342,13.1783),(1441,298,'9871250718026',3.3620,13.0126),(1442,298,'5868597355391',5.8476,20.9213),(1443,298,'3069982270997',2.4518,10.2655),(1444,298,'3790295677965',4.4056,22.4896),(1445,298,'2336935916253',1.7292,14.8184),(1446,299,'6591817289027',9.7263,14.1739),(1447,299,'8625155246416',5.1824,29.3666),(1448,299,'7085851297161',6.8629,18.5769),(1449,299,'9615577266856',6.4251,16.8589),(1450,299,'8692191081048',5.3085,24.2112),(1451,300,'2245334314834',4.6376,21.6031),(1452,300,'1887420706387',7.0580,24.8468),(1453,300,'6303751326475',7.6542,20.9739),(1454,300,'4594026084542',6.4125,11.0289),(1455,300,'3299311989114',1.1123,29.9459),(1456,301,'2624647181082',6.0393,13.5849),(1457,301,'3816752653877',8.3023,28.2842),(1458,301,'9074846199012',3.6532,12.8195),(1459,301,'2220164838868',1.9676,18.4305),(1460,301,'3249219265451',6.8919,28.7803),(1461,302,'6704727931266',1.9550,26.0314),(1462,302,'9053076099391',4.1425,26.9409),(1463,302,'7901847792118',3.5132,24.9178),(1464,302,'1558572099427',8.3261,17.9636),(1465,302,'5807339711895',4.0003,11.4876),(1466,303,'5865789193397',3.7284,12.7807),(1467,303,'8877630632932',5.1256,20.7416),(1468,303,'9507654759395',2.8087,12.6390),(1469,303,'1645193911108',2.7917,20.0074),(1470,303,'8839464131755',9.8246,26.7925),(1471,304,'3732843482900',2.5381,25.6648),(1472,304,'5266347098411',3.2168,15.5546),(1473,304,'4994361178035',2.6735,13.0142),(1474,304,'4568377459810',4.5486,13.1842),(1475,304,'8393822793613',8.6679,10.7767),(1476,305,'5931163228443',5.6618,28.3291),(1477,305,'3517274117234',4.5167,27.7730),(1478,305,'9272304719882',8.5395,18.9406),(1479,305,'4329063002750',8.9036,20.6526),(1480,305,'5488849948306',6.2958,27.1028),(1481,306,'3116951253096',7.0497,19.9424),(1482,306,'5350455364308',4.5432,21.6432),(1483,306,'7689887927432',3.8007,16.3892),(1484,306,'7685635639295',7.9056,28.0538),(1485,306,'8369536670589',1.9679,24.2142),(1486,307,'6826439810117',2.6755,29.7441),(1487,307,'2060496760207',2.4531,25.0865),(1488,307,'9394455607593',2.6442,27.3599),(1489,307,'4446667195501',4.1589,24.3098),(1490,307,'9631750717072',8.6653,16.3273),(1491,308,'8451248868296',2.7361,15.9476),(1492,308,'5410479834697',9.9982,29.3520),(1493,308,'5422611933855',2.1490,24.0153),(1494,308,'4543135509139',7.4829,11.4475),(1495,308,'1066787127467',3.6695,24.6791),(1496,309,'6317479963799',7.2231,22.4172),(1497,309,'3865689803511',5.9506,14.8955),(1498,309,'2549092969032',7.8590,25.7835),(1499,309,'7300970152486',9.3662,10.2164),(1500,309,'4071045542734',6.9996,13.3978),(1501,310,'4931363510844',6.2940,24.2292),(1502,310,'7133915795915',1.2317,26.9617),(1503,310,'2005604078954',6.9978,28.2616),(1504,310,'9807511564440',9.1615,27.0640),(1505,310,'5054423395643',6.6787,13.5616),(1506,311,'8226304804726',6.7386,17.4612),(1507,311,'8261257349778',1.2917,22.5613),(1508,311,'7933585619523',7.8095,25.4203),(1509,311,'3408750398234',1.6697,16.0908),(1510,311,'7243604980652',6.1851,17.3104),(1511,312,'5822860851021',2.6371,21.4657),(1512,312,'7438358891438',5.6820,25.0253),(1513,312,'5152822959899',8.5555,21.2406),(1514,312,'4087621802185',2.5274,22.5087),(1515,312,'1639460086996',5.5627,28.0746),(1516,313,'6674249026957',4.6336,29.4379),(1517,313,'9118257641568',2.7947,29.1638),(1518,313,'3808492565198',5.6962,16.6885),(1519,313,'4479108862646',6.5790,13.7752),(1520,313,'1946949423316',3.0596,26.8216),(1521,314,'6726011262057',1.2266,18.2768),(1522,314,'8593428262269',6.8048,20.1401),(1523,314,'1194836266605',9.8736,25.3868),(1524,314,'3495987092156',7.6210,26.9306),(1525,314,'4756574859289',4.9178,26.5327),(1526,315,'7345939050939',4.4696,18.8505),(1527,315,'6401207782343',5.7606,10.5514),(1528,315,'3184080418236',6.3060,28.3664),(1529,315,'8927500158421',1.9456,24.1315),(1530,315,'6402513902499',3.4214,21.2401),(1531,316,'2592237323696',3.7014,18.0602),(1532,316,'7425216429371',2.2908,10.7821),(1533,316,'9576923310726',5.2483,27.9747),(1534,316,'1460510630314',8.2941,19.1686),(1535,316,'6298887906768',3.9922,13.5129),(1536,317,'3684064443477',9.0652,28.2141),(1537,317,'7400112480796',1.4728,21.6317),(1538,317,'7063547086166',4.0058,25.9810),(1539,317,'7742076573035',5.1282,21.5003),(1540,317,'2825821033620',5.5215,15.2161),(1541,318,'6670295720911',4.0157,15.0852),(1542,318,'5792293239697',2.8102,18.7955),(1543,318,'4629522798486',7.6069,24.8278),(1544,318,'5825081743388',9.0716,26.6969),(1545,318,'3552379424281',8.8408,26.8031),(1546,319,'1811369192609',3.8550,21.5096),(1547,319,'1688333058776',2.1925,10.9081),(1548,319,'7075514280553',3.4590,23.9828),(1549,319,'2135232351955',9.5486,10.5035),(1550,319,'8578933704585',3.7704,28.6767),(1551,320,'7468881626046',4.9127,20.8773),(1552,320,'2724530151169',3.7857,13.4180),(1553,320,'5565553422099',3.3851,15.6755),(1554,320,'9474447085416',6.9573,24.6000),(1555,320,'1811650286751',4.9636,16.3918),(1556,321,'5322042914096',8.5217,10.1497),(1557,321,'1643331752331',4.9808,12.2073),(1558,321,'5071790830624',4.7178,14.6148),(1559,321,'9222469161333',8.2639,13.9335),(1560,321,'8513593196832',8.7374,24.9084),(1561,322,'8998735632969',5.9958,20.1098),(1562,322,'4642943787464',5.3999,22.9124),(1563,322,'6456391019253',7.4402,12.2981),(1564,322,'6969255038346',4.7448,25.1818),(1565,322,'3122245775155',3.7625,14.2001),(1566,323,'7015338154137',4.6490,10.4928),(1567,323,'5255992153754',4.3571,10.2568),(1568,323,'3084859378673',5.2971,19.1442),(1569,323,'9349751092121',7.8682,17.6546),(1570,323,'7747227209407',1.5245,10.9391),(1571,324,'7083688701082',4.1584,10.7205),(1572,324,'3614133093819',4.0600,26.2619),(1573,324,'8260516623352',8.8746,20.0023),(1574,324,'4852392769690',1.4628,23.4220),(1575,324,'7922406968534',3.9204,16.2050),(1576,325,'2777094392237',8.8843,20.5339),(1577,325,'3719307524484',8.5828,22.5739),(1578,325,'2418389559298',1.0922,27.1793),(1579,325,'2539762200549',8.9909,14.0545),(1580,325,'1927341398889',6.9142,19.8308),(1581,326,'8381537110202',2.7517,20.4567),(1582,326,'5393858978684',4.9992,13.1135),(1583,326,'2211251473637',3.8161,16.4199),(1584,326,'6790411039895',9.9452,10.3473),(1585,326,'2876539619698',2.4435,27.1451),(1586,327,'4550556957895',6.5623,22.2480),(1587,327,'7787410769167',8.1370,18.0694),(1588,327,'2075059702252',3.9940,20.1920),(1589,327,'8879103899382',2.9500,16.9077),(1590,327,'4616931929851',4.9322,16.8228),(1591,328,'8461248845107',2.8736,15.5172),(1592,328,'2715618276465',4.7228,21.1316),(1593,328,'6425293515108',3.8587,27.6309),(1594,328,'9390000796197',5.7047,11.8763),(1595,328,'3666719474747',2.2333,25.1672),(1596,329,'1870969721086',9.2423,26.7025),(1597,329,'3956220645534',6.3982,10.3160),(1598,329,'9646446148235',2.4365,11.3843),(1599,329,'4430139417947',3.3132,16.3698),(1600,329,'5032512082885',8.8400,11.3773),(1601,330,'1753394450479',5.4222,28.3211),(1602,330,'9262820128650',2.8401,13.5286),(1603,330,'9719985512744',1.6324,11.8817),(1604,330,'6802165267818',3.8229,26.6292),(1605,330,'6836770869827',5.7767,26.8234),(1606,331,'9102537980705',8.4878,15.5721),(1607,331,'8667037119559',1.1478,16.4441),(1608,331,'6468341227600',4.0922,21.5107),(1609,331,'4822889537554',3.2017,18.2067),(1610,331,'4810368506299',5.1841,12.0176),(1611,332,'7495963886706',9.1585,21.0660),(1612,332,'7516773234047',9.2401,23.0624),(1613,332,'2752989465939',2.2385,18.2385),(1614,332,'7570705614273',9.8867,23.8505),(1615,332,'8332731763372',4.7798,29.5440),(1616,333,'8093486030005',9.1539,19.2946),(1617,333,'3155159694969',6.6844,21.2614),(1618,333,'6051215664835',1.1621,11.1462),(1619,333,'4894005238034',7.6233,22.7615),(1620,333,'8615572227873',2.4215,13.7431),(1621,334,'4886946351080',1.3268,26.2455),(1622,334,'2720902673890',8.2789,10.1676),(1623,334,'1719084800884',1.6771,15.7364),(1624,334,'3192781758406',8.0867,18.8036),(1625,334,'4587202855033',9.1999,19.0977),(1626,335,'8247378836588',9.9526,13.7811),(1627,335,'4653834304094',1.7788,17.6759),(1628,335,'6372871994143',7.1396,14.0181),(1629,335,'2058037148848',4.5120,26.6173),(1630,335,'8253769409165',6.8042,16.6989),(1631,336,'2662240892181',9.6368,26.2286),(1632,336,'3829921053935',6.1186,11.6839),(1633,336,'6514029574571',1.3463,22.7414),(1634,336,'2774938173958',1.2236,17.9238),(1635,336,'7198002474329',8.8476,23.9788),(1636,337,'6328862918048',2.1774,23.8222),(1637,337,'1582166014433',6.5757,12.7400),(1638,337,'4142064346849',7.7672,16.3517),(1639,337,'5612455185857',2.3429,11.9351),(1640,337,'7827180749181',8.7643,11.7113),(1641,338,'8961615824121',4.2953,27.9797),(1642,338,'9517592861216',5.9799,19.0932),(1643,338,'2847832181526',9.3431,20.0236),(1644,338,'8642042914752',3.8553,10.8176),(1645,338,'6721054528513',2.0867,10.1680),(1646,339,'3111590013458',8.9025,28.6986),(1647,339,'8592539915358',3.8768,13.1440),(1648,339,'6164885732425',3.4322,25.4343),(1649,339,'3227388521229',6.0255,18.7849),(1650,339,'2311164226996',3.7212,14.2673),(1651,340,'8703945452063',5.7495,19.3480),(1652,340,'5176593744697',7.3594,19.5981),(1653,340,'4266243092390',3.2380,27.5499),(1654,340,'5307041189375',6.7114,17.5388),(1655,340,'7576592904143',7.3377,29.5379),(1656,341,'4889992115745',5.5035,10.3829),(1657,341,'6203489980269',6.5214,14.9776),(1658,341,'9400035499465',4.0117,16.4980),(1659,341,'4235969582678',3.3398,11.7107),(1660,341,'6712886143068',8.7347,15.4730),(1661,342,'1878753340022',6.1927,21.2469),(1662,342,'6192849727872',4.5340,20.3240),(1663,342,'6822000440408',3.0865,13.5067),(1664,342,'1816511155977',9.7023,11.0411),(1665,342,'4151488861467',5.2894,12.9624),(1666,343,'9967143566615',2.3587,23.9655),(1667,343,'6273064868802',2.1401,25.4354),(1668,343,'1001062461118',2.8745,10.7045),(1669,343,'6582847393274',6.2422,12.0721),(1670,343,'1222051604526',2.1321,20.9283),(1671,344,'7288467376490',8.1330,25.8177),(1672,344,'8528923090555',8.1992,28.5440),(1673,344,'8221686707954',9.2549,13.9167),(1674,344,'1909019228599',6.8217,23.8747),(1675,344,'5601342122732',4.9014,18.2059),(1676,345,'7042266912257',7.0265,25.6022),(1677,345,'6233086078925',2.1433,10.9065),(1678,345,'6163580012051',3.3355,22.8129),(1679,345,'5235396904023',8.9298,22.3237),(1680,345,'2333129029734',1.4065,19.1594),(1681,346,'7381168397277',2.5985,16.4792),(1682,346,'5439358034087',4.6354,26.5505),(1683,346,'6581958598547',4.3517,18.3658),(1684,346,'8477714618818',5.1602,23.2850),(1685,346,'5523634042495',7.1361,10.4709),(1686,347,'8727082233446',1.5773,28.2403),(1687,347,'5019554210750',9.8567,21.9927),(1688,347,'7290746202815',5.8658,22.6922),(1689,347,'4414456751389',8.3971,13.9978),(1690,347,'4777454171202',1.4127,19.3635),(1691,348,'4513183256659',1.4999,15.1871),(1692,348,'4783313622543',1.2489,23.8302),(1693,348,'1130564298404',8.4083,18.2913),(1694,348,'6371076772305',7.1363,24.8487),(1695,348,'9669784361375',4.3400,28.3019),(1696,349,'6809556186942',2.5912,23.6724),(1697,349,'7311781416618',4.9850,14.0110),(1698,349,'9969336664481',4.7922,23.6336),(1699,349,'7234989441113',7.9344,14.2526),(1700,349,'4872563987112',7.8830,28.1804),(1701,350,'8181429408814',6.2012,17.5018),(1702,350,'8235181037560',6.1330,18.2629),(1703,350,'3843469801867',9.4357,16.5659),(1704,350,'1796604041030',7.0878,10.9703),(1705,350,'1542752374891',2.7973,21.4752),(1706,351,'4119355606601',4.1067,12.0860),(1707,351,'2565164261019',8.2069,28.5779),(1708,351,'8100019730648',1.9232,10.3716),(1709,351,'5809443477904',4.2689,26.8486),(1710,351,'7760880791408',9.5641,12.8479),(1711,352,'4635725010830',7.6992,18.6635),(1712,352,'7366002140154',7.1633,13.7200),(1713,352,'4863754001709',1.7581,17.7184),(1714,352,'1174792593453',4.5257,20.3034),(1715,352,'9765919286574',9.2121,18.6079),(1716,353,'8204320020111',4.0332,20.7743),(1717,353,'6677295118132',3.5200,19.8974),(1718,353,'1260832307367',3.1829,14.6650),(1719,353,'9930635834066',3.5002,27.9566),(1720,353,'4502696317111',4.0383,15.7548),(1721,354,'4483774865601',6.4714,11.3127),(1722,354,'3860552582657',7.4961,21.4163),(1723,354,'6119058841176',9.5421,25.7017),(1724,354,'3160116487794',6.5469,22.1902),(1725,354,'5766843347103',2.4017,10.2286),(1726,355,'2975472826272',9.7373,16.8419),(1727,355,'8663235533626',7.5484,19.0915),(1728,355,'6142048183919',1.7511,16.9581),(1729,355,'8270272764933',8.8947,20.7388),(1730,355,'4012177494093',7.3936,23.7918),(1731,356,'6655132504493',5.2022,12.1492),(1732,356,'9095013926945',1.6764,19.3826),(1733,356,'3402812730381',1.2695,11.2154),(1734,356,'6172953211523',7.7097,13.0754),(1735,356,'9850311102477',6.3762,13.1095),(1736,357,'2135258646220',5.4976,12.5052),(1737,357,'8360305612409',7.2115,13.1084),(1738,357,'5493018116796',7.6660,23.5676),(1739,357,'8212403328947',6.2498,16.4747),(1740,357,'4173454690940',4.6658,19.3636),(1741,358,'7341060075681',7.5409,12.8653),(1742,358,'7031857282020',2.7256,23.2531),(1743,358,'5612930655687',4.3390,13.4476),(1744,358,'7334177576152',2.7329,26.0434),(1745,358,'9123876191979',2.5267,24.7969),(1746,359,'6294064159222',4.8622,17.9590),(1747,359,'3121860077502',8.7795,24.0041),(1748,359,'8701080576597',7.4342,12.9889),(1749,359,'6195283966207',2.3307,21.4842),(1750,359,'1443523647934',6.0719,16.5278),(1751,360,'1945868363224',3.2216,12.3077),(1752,360,'5203540205010',3.0434,15.3439),(1753,360,'4024589098089',3.5752,25.4434),(1754,360,'1759373424142',6.8236,15.6257),(1755,360,'8992942095826',2.2957,23.1951),(1756,361,'3674716225591',1.4882,26.4819),(1757,361,'3481327041107',5.6927,26.1231),(1758,361,'9417153807941',6.1309,15.7814),(1759,361,'3399419732683',7.0835,17.3258),(1760,361,'9041012044088',2.6323,24.0861),(1761,362,'1713747745323',9.6288,10.7757),(1762,362,'6847174079259',1.1012,27.0714),(1763,362,'3197236288652',9.9928,15.9677),(1764,362,'2583342869503',1.0429,22.9764),(1765,362,'3323122718392',2.2972,27.1796),(1766,363,'2084906621478',7.6686,21.4064),(1767,363,'3084177843823',2.3984,20.5382),(1768,363,'4840976220485',6.4101,17.8438),(1769,363,'8563348902243',2.6362,19.5112),(1770,363,'1705078305037',3.0270,23.9063),(1771,364,'3049337844189',9.2621,12.6311),(1772,364,'2727420945809',8.4651,24.1900),(1773,364,'2861159770655',4.1395,21.7910),(1774,364,'4448617935667',7.3135,25.8976),(1775,364,'3844436112091',3.7564,28.5282),(1776,365,'1633855013859',1.5829,26.6656),(1777,365,'1778061124763',8.3015,26.4123),(1778,365,'9121489104370',4.7432,15.5645),(1779,365,'4234726252472',4.8867,29.6654),(1780,365,'2992482738557',3.3133,10.2980),(1781,366,'7379816862647',6.3904,23.5924),(1782,366,'4092523326383',2.0896,28.6252),(1783,366,'3738852812488',6.6763,13.0020),(1784,366,'6534459004416',7.2317,18.8309),(1785,366,'8707957757613',7.1453,23.9366),(1786,367,'3025920946707',5.4767,22.5113),(1787,367,'8919932355469',2.7658,27.8238),(1788,367,'1584760396641',4.1207,12.2095),(1789,367,'4284362409324',5.2952,18.5405),(1790,367,'3288759781137',7.6436,15.3530),(1791,368,'7928904042591',4.9497,16.3742),(1792,368,'9781367701434',9.5704,17.9539),(1793,368,'1643056758478',1.2119,26.4342),(1794,368,'7875331094397',1.0404,24.2185),(1795,368,'8166672953787',5.6986,22.1564),(1796,369,'3380229817828',4.5159,22.7270),(1797,369,'5629066649164',7.6716,15.0544),(1798,369,'2018549730250',7.1058,15.5795),(1799,369,'2336014582601',8.9944,25.0219),(1800,369,'8994228195695',4.3605,10.0138),(1801,370,'6554464280408',6.3267,20.7314),(1802,370,'4480457000770',9.6264,11.3360),(1803,370,'2683847167537',6.9521,24.6901),(1804,370,'1554723124041',2.5142,11.5502),(1805,370,'3626518622044',3.0507,12.7207),(1806,371,'5816411119205',9.5287,26.0877),(1807,371,'7806771438729',8.4669,18.8794),(1808,371,'6471968960275',6.4685,17.0671),(1809,371,'9149284517374',6.8459,16.4216),(1810,371,'7364092058335',6.3724,29.5156),(1811,372,'6137755544396',6.5692,13.3779),(1812,372,'1992640739569',6.1197,24.6523),(1813,372,'8071302871165',8.1083,10.3977),(1814,372,'1752890078283',1.6648,11.2213),(1815,372,'5237038658970',1.9426,10.4269),(1816,373,'8683846398100',7.9579,28.6568),(1817,373,'2744816707442',4.2382,11.9584),(1818,373,'6016047647951',6.8933,25.4533),(1819,373,'1758571364811',2.3149,10.9279),(1820,373,'7094206681728',4.0508,21.0027),(1821,374,'4075949058831',3.1049,18.2813),(1822,374,'5035959338091',9.6380,23.1720),(1823,374,'1214320093164',3.2481,15.3079),(1824,374,'3508497485725',7.9935,20.8758),(1825,374,'5417910498069',9.4419,22.2385),(1826,375,'4114943915732',9.0850,16.7413),(1827,375,'9377386511844',5.0318,28.7674),(1828,375,'3226520756239',8.1600,21.0423),(1829,375,'6258767097252',3.7961,22.9184),(1830,375,'7906596571177',2.7160,19.6030),(1831,376,'6597696926889',1.2885,19.8154),(1832,376,'2179653207579',5.6677,21.4895),(1833,376,'6430961548800',8.0488,24.3476),(1834,376,'3807701421573',4.9906,24.8126),(1835,376,'3185496075702',7.4743,11.4268),(1836,377,'5782692382036',4.8780,27.0931),(1837,377,'2176270495020',8.3785,17.9835),(1838,377,'9588836621103',9.9939,12.0767),(1839,377,'8019445816893',3.5026,15.7078),(1840,377,'6197988406315',5.4451,23.2449),(1841,378,'3403232140864',7.2208,23.2965),(1842,378,'5548173542089',8.3547,26.3605),(1843,378,'9443625048632',1.2942,10.7537),(1844,378,'5068308394572',6.9994,18.9877),(1845,378,'4336792883693',3.3305,18.6308),(1846,379,'4796735156532',3.1490,22.4005),(1847,379,'7538027476640',5.5854,12.3169),(1848,379,'3566761408975',6.5931,22.0989),(1849,379,'7608138164060',8.7224,11.5674),(1850,379,'7307122421453',4.6059,15.0847),(1851,380,'2749530499742',3.2452,28.4584),(1852,380,'6794136446439',3.0921,13.4005),(1853,380,'7909411741647',8.4425,14.7742),(1854,380,'2187404219293',2.6838,27.9963),(1855,380,'7734275538941',3.2834,29.7537),(1856,381,'8117207701089',2.1333,27.2557),(1857,381,'8297134433916',4.2052,28.8683),(1858,381,'8919671087174',2.5919,18.9518),(1859,381,'8407180060176',3.5056,25.0181),(1860,381,'5876514229239',2.1706,28.6764),(1861,382,'6137200455682',6.0292,21.4142),(1862,382,'3784085971434',7.6304,23.7624),(1863,382,'7526525034849',9.4776,21.9576),(1864,382,'4796088377108',5.0230,26.9902),(1865,382,'7479625944575',4.5662,20.4936),(1866,383,'9905072560540',1.5740,26.0142),(1867,383,'2060119181991',3.9178,20.2284),(1868,383,'6462077034061',1.9567,11.8153),(1869,383,'5642834897058',7.3688,11.5639),(1870,383,'4957202396164',1.9862,23.9106),(1871,384,'3178169023660',5.4221,13.1090),(1872,384,'6113091370904',2.5454,27.5597),(1873,384,'2972038955635',1.4492,20.4491),(1874,384,'2382595131655',2.4925,20.1972),(1875,384,'9955544714047',7.7542,10.3093),(1876,385,'5419143388096',7.4015,13.5653),(1877,385,'5103379749664',6.0962,26.5068),(1878,385,'4304866914058',7.9571,18.9120),(1879,385,'9665502119398',1.2739,26.1451),(1880,385,'6950443125771',8.0671,23.7089),(1881,386,'1448581640203',8.6930,26.3073),(1882,386,'4006443798730',6.0724,18.7539),(1883,386,'3560678733026',4.0554,13.9326),(1884,386,'9658207964640',4.0624,24.5706),(1885,386,'3262036500216',4.3309,16.2691),(1886,387,'1913014497350',3.8125,23.2829),(1887,387,'8500266946084',8.8643,18.4099),(1888,387,'6253207071330',6.1493,13.8645),(1889,387,'7614942194898',1.1616,29.8379),(1890,387,'2639063464056',1.9953,21.7357),(1891,388,'2286019841227',8.4404,17.8044),(1892,388,'1945897468382',8.3840,13.5039),(1893,388,'6914377534214',6.9755,26.9157),(1894,388,'8579620121044',2.6411,19.3961),(1895,388,'9519069529357',7.9710,25.4671),(1896,389,'8074784869110',1.7431,19.0501),(1897,389,'2305073311366',8.6701,13.3963),(1898,389,'6392712915354',8.5358,23.0811),(1899,389,'6322617768924',5.8741,17.9915),(1900,389,'8309779225004',7.8100,26.2446),(1901,390,'6676410790700',4.0419,12.8336),(1902,390,'4050424740116',2.9830,14.5456),(1903,390,'4480835454046',2.5733,13.8908),(1904,390,'2156907980625',6.3806,17.1279),(1905,390,'6058393806450',8.9417,29.3827),(1906,391,'5049496333845',8.4496,27.0238),(1907,391,'4932834270580',9.0119,21.8388),(1908,391,'2578225539518',4.6523,15.8842),(1909,391,'7692671648323',1.5562,15.0831),(1910,391,'5087197790616',2.9024,19.1669),(1911,392,'3954369981725',3.5240,27.4223),(1912,392,'6528980443353',5.1561,24.3504),(1913,392,'3426103273929',6.3494,22.8012),(1914,392,'1200252121197',6.3695,27.6068),(1915,392,'2148345571390',6.5815,16.1212),(1916,393,'1993564990116',1.7634,11.7247),(1917,393,'5060522974910',8.4141,13.6596),(1918,393,'2713096940205',6.6099,23.3066),(1919,393,'6077598045469',2.7327,10.5670),(1920,393,'4509656876491',8.6763,19.1443),(1921,394,'5345429659743',7.8899,22.8818),(1922,394,'9842023243848',6.5179,10.3666),(1923,394,'3027951150210',3.7164,12.8114),(1924,394,'2699072211995',4.3462,24.2089),(1925,394,'1594044559701',3.2898,16.1373),(1926,395,'8867479486226',4.1052,27.9622),(1927,395,'7596974045773',4.5073,20.2016),(1928,395,'2312143932726',2.2675,15.4193),(1929,395,'9237868609603',9.2201,19.0077),(1930,395,'9839198983298',4.5893,17.4925),(1931,396,'6647785505112',6.2991,17.4789),(1932,396,'2576974963987',4.8425,29.0759),(1933,396,'2039266163148',9.3369,20.6025),(1934,396,'5175190715134',3.9825,13.1235),(1935,396,'8302128430902',7.9573,19.0063),(1936,397,'8944788466043',5.9446,26.8158),(1937,397,'6257580717804',3.7619,18.2093),(1938,397,'4302908032075',9.0975,14.9737),(1939,397,'2765158142328',8.4480,28.8423),(1940,397,'6251490221025',1.5773,15.1049),(1941,398,'7461236257842',1.5265,24.7117),(1942,398,'7479654473987',9.2160,27.7982),(1943,398,'1949715369270',1.6505,16.0357),(1944,398,'4856571303604',6.7711,11.3567),(1945,398,'6252941445646',9.9330,22.5136),(1946,399,'8581598272714',8.5893,26.2698),(1947,399,'8867885433876',9.2741,22.2325),(1948,399,'7829707927132',4.9183,10.7829),(1949,399,'2308944276059',8.0772,15.9670),(1950,399,'7185923976579',7.6278,15.4071),(1951,400,'2055262278892',6.8538,29.2355),(1952,400,'7656686508793',6.9889,12.9578),(1953,400,'9844146425392',6.7295,25.4909),(1954,400,'7866901278457',6.5276,27.7738),(1955,400,'5664366852679',8.8744,24.2500),(1956,401,'5517359263707',7.7438,11.7472),(1957,401,'2625521002461',8.5886,10.0240),(1958,401,'3820382741186',5.8783,25.0162),(1959,401,'8647790115147',6.5535,19.3627),(1960,401,'8251688042895',9.5418,14.1910),(1961,402,'4690542724470',2.1379,28.8203),(1962,402,'1818170686424',4.5683,17.4256),(1963,402,'3447406940672',1.0363,12.3511),(1964,402,'8219249283710',7.6472,14.0373),(1965,402,'3959429780722',2.6423,14.1827),(1966,403,'3991023881345',3.1332,16.5012),(1967,403,'2608901375874',3.0163,25.3505),(1968,403,'7890463660557',7.7086,11.2056),(1969,403,'5391738033939',7.3243,19.8661),(1970,403,'5639571008421',7.5302,20.7042),(1971,404,'9486924478950',3.5440,12.9212),(1972,404,'7738213302105',8.4242,17.4743),(1973,404,'5684343702966',1.5032,20.8058),(1974,404,'1968323938937',1.5186,27.4134),(1975,404,'7621621898549',3.9609,29.4082),(1976,405,'5179433335263',7.8233,14.7530),(1977,405,'8753332233988',2.4592,21.4777),(1978,405,'9934428947605',9.6460,21.6766),(1979,405,'1655575428410',7.9640,21.8386),(1980,405,'9990644797744',6.7695,17.0548),(1981,406,'7483192675500',6.9440,29.6376),(1982,406,'9497505129718',3.9974,28.0752),(1983,406,'6043617580837',1.0893,27.7997),(1984,406,'4026100265758',8.9485,24.4344),(1985,406,'8228864210402',3.2929,12.7817),(1986,407,'2767997485294',7.8244,23.4895),(1987,407,'4032788708055',5.1687,29.8987),(1988,407,'6982941746616',2.3021,28.1424),(1989,407,'5577177257623',3.3382,19.9491),(1990,407,'6111773024237',7.2653,23.8798),(1991,408,'4204653134021',7.7290,12.9961),(1992,408,'2749541994043',8.2655,11.0198),(1993,408,'1180631140808',7.2599,24.6618),(1994,408,'3540312283065',9.5288,19.7528),(1995,408,'5567281340595',3.7734,10.7528),(1996,409,'1481883020686',6.6952,22.9926),(1997,409,'4430120332006',3.4843,14.0725),(1998,409,'8033484729083',4.4000,16.0803),(1999,409,'4959706444903',8.0945,13.6644),(2000,409,'9570146002237',7.6865,11.0067),(2001,410,'6386728226276',3.7486,19.7837),(2002,410,'3862433088142',8.7384,24.0628),(2003,410,'9379783778395',3.4320,27.0762),(2004,410,'5899540723083',9.6726,11.3606),(2005,410,'7448358256107',6.1811,19.3150),(2006,411,'3300037737020',1.4333,18.3437),(2007,411,'8637860631677',2.3420,24.3273),(2008,411,'6047657945869',7.8912,12.9816),(2009,411,'4068632681806',1.8931,25.9727),(2010,411,'4556048335478',6.0243,26.4924),(2011,412,'5965013173672',4.8305,14.6672),(2012,412,'5459824720439',5.4404,22.4168),(2013,412,'3210153048813',4.6535,15.2754),(2014,412,'2789088919518',6.5591,20.8530),(2015,412,'3493442524494',1.3886,29.4913),(2016,413,'9403216169364',8.6478,16.5611),(2017,413,'9167769833655',6.7773,24.5519),(2018,413,'3025893714382',6.2395,16.8366),(2019,413,'1560147013352',6.7040,23.1040),(2020,413,'5186890958198',9.2866,29.5489),(2021,414,'1442143725620',2.1379,14.2286),(2022,414,'7849930172831',2.2353,28.9035),(2023,414,'1445702537262',1.6392,19.9039),(2024,414,'1297096758208',4.6432,15.8172),(2025,414,'4945913063259',1.1035,21.7394),(2026,415,'3617411069598',8.1764,21.2628),(2027,415,'2795899780908',5.2828,20.2438),(2028,415,'9117127083178',4.7887,27.0173),(2029,415,'2945536994846',3.9782,23.4876),(2030,415,'1270800193404',2.0633,18.1338),(2031,416,'8879928121352',4.1993,26.0176),(2032,416,'5628288408997',4.0672,15.7158),(2033,416,'3962151286043',7.1085,15.4925),(2034,416,'7485152424667',8.9286,19.9479),(2035,416,'3710479492519',4.5170,16.9822),(2036,417,'9599919275220',4.7917,17.1820),(2037,417,'6264670069597',8.9645,16.1191),(2038,417,'9270522366689',9.1683,27.9103),(2039,417,'8910134745605',4.8817,24.1158),(2040,417,'5437369531398',3.3374,13.8240),(2041,418,'4577800094526',2.7796,27.6623),(2042,418,'3855213153338',4.9713,17.7664),(2043,418,'2869444574506',5.7693,21.9779),(2044,418,'5140553381893',2.7325,15.2524),(2045,418,'1576965434245',1.1092,16.6520),(2046,419,'4346773244621',1.6671,12.1503),(2047,419,'4563528360001',7.2385,22.9756),(2048,419,'8905364548777',7.2408,11.6224),(2049,419,'9978120142623',2.6658,10.3546),(2050,419,'7203271221777',8.6681,26.5001),(2051,420,'2255596793984',2.5258,13.1802),(2052,420,'4222142162636',1.7373,19.2301),(2053,420,'2109888896971',8.8897,14.5074),(2054,420,'5349232255603',4.7835,16.5216),(2055,420,'5447740587247',4.9323,16.3372),(2056,421,'9298950580161',1.9639,27.3518),(2057,421,'8842930878935',4.4118,11.8901),(2058,421,'2997858909206',4.6572,10.5145),(2059,421,'4371100067114',9.5507,26.4536),(2060,421,'7436721406276',7.2347,12.6617),(2061,422,'9738751475004',9.5578,27.3497),(2062,422,'5229122962545',2.9705,19.8831),(2063,422,'1735667717881',3.7787,21.5808),(2064,422,'7333257033358',9.0315,29.6175),(2065,422,'3875676474640',8.1993,13.0024),(2066,423,'1914157179170',1.9169,10.0080),(2067,423,'8222195437211',1.3660,21.3053),(2068,423,'3147561740614',4.3083,16.2568),(2069,423,'2910102448073',5.3954,20.0985),(2070,423,'8685360614122',7.7411,21.9282),(2071,424,'5792138078089',9.0017,27.5302),(2072,424,'2039466910568',7.2018,12.9607),(2073,424,'4268791673038',5.8181,21.8269),(2074,424,'4216992203630',2.6528,21.2243),(2075,424,'7051642652541',1.0085,17.0139),(2076,425,'1751221865981',4.3629,14.7313),(2077,425,'4945973423584',3.9057,16.9063),(2078,425,'3156093082143',1.2681,23.0246),(2079,425,'5477088777947',5.5404,27.4229),(2080,425,'6691423169038',1.2479,27.4688),(2081,426,'1999354176053',4.2880,29.7067),(2082,426,'2177603344493',4.2503,28.5349),(2083,426,'9815449801569',2.6233,19.1141),(2084,426,'4411259266689',8.5752,29.6598),(2085,426,'1017556357095',4.7346,18.9882),(2086,427,'6950626457742',9.6781,19.3105),(2087,427,'6637054064977',8.5951,18.6611),(2088,427,'1541397529879',8.2988,22.9044),(2089,427,'7392492070243',8.4361,21.5757),(2090,427,'1106266586134',4.3890,20.9234),(2091,428,'4222571643187',3.0807,11.2117),(2092,428,'8783124974966',7.2777,25.3031),(2093,428,'5911976776499',2.9987,13.4907),(2094,428,'5713812757076',4.1054,16.4915),(2095,428,'6570124634799',7.7472,25.3440),(2096,429,'4441407720264',7.9343,28.9495),(2097,429,'8714085609912',1.2049,10.9324),(2098,429,'5539403836652',1.2523,23.4766),(2099,429,'2006520198878',6.1438,11.8502),(2100,429,'2486682037764',7.8487,17.8690),(2101,430,'4557535700416',6.3654,10.9597),(2102,430,'1067806850141',3.9005,21.9269),(2103,430,'8304181327959',1.5340,14.6642),(2104,430,'3129370001628',6.5102,16.3578),(2105,430,'5430330510919',6.1385,14.4715),(2106,431,'1694926640268',1.1985,25.0711),(2107,431,'4968135386055',8.9182,15.0555),(2108,431,'1516920150577',7.3351,20.6898),(2109,431,'2180099398468',5.4836,19.2833),(2110,431,'5502913105092',2.0537,10.5727),(2111,432,'3451632143196',8.1349,18.1030),(2112,432,'8739022420778',5.8124,24.2587),(2113,432,'4507848332399',1.8504,10.1340),(2114,432,'4372067250659',7.6447,15.3680),(2115,432,'3434561279631',2.9983,15.6998),(2116,433,'6153413140117',9.7188,11.2703),(2117,433,'3109082233880',3.3552,16.0458),(2118,433,'4390934767029',7.9681,19.3180),(2119,433,'4863294097865',3.7932,18.6655),(2120,433,'1794449889260',3.3259,13.8865),(2121,434,'2594860645576',7.7268,18.0275),(2122,434,'7083445252420',2.2476,20.7504),(2123,434,'9477134058523',1.2676,13.5074),(2124,434,'3365285261015',6.4102,17.6252),(2125,434,'6161816071502',8.8457,28.3347),(2126,435,'4763958736385',6.2448,20.9570),(2127,435,'7639351872089',2.3595,24.8873),(2128,435,'1579109983367',5.1976,20.4299),(2129,435,'2465975436048',6.6969,26.9432),(2130,435,'2725774014040',4.5495,10.9478),(2131,436,'7641893209454',1.6072,21.7724),(2132,436,'9328290145344',8.8080,26.4767),(2133,436,'4988640888399',5.4368,17.2263),(2134,436,'5557356433738',4.5028,12.2865),(2135,436,'8775795007938',5.6497,19.8731),(2136,437,'1564352351757',3.5924,29.1923),(2137,437,'1003289489509',2.4970,25.4853),(2138,437,'8673297823740',7.2610,26.5603),(2139,437,'2346748252346',9.0646,17.9921),(2140,437,'6544253586225',9.5023,10.8029),(2141,438,'2264317993479',4.9183,10.5961),(2142,438,'9681616208754',3.0031,19.0327),(2143,438,'4080408004514',7.6908,10.3365),(2144,438,'5981309178844',8.5978,18.6352),(2145,438,'5700037946785',1.5956,10.6499),(2146,439,'9720079522991',1.9892,17.3972),(2147,439,'5361941370465',9.7392,18.6372),(2148,439,'2527721157880',2.0571,20.3158),(2149,439,'6436049840535',6.7322,21.1326),(2150,439,'5792218303374',4.1851,21.8225),(2151,440,'6558599089819',8.0267,17.8601),(2152,440,'7213975446568',2.7963,27.0352),(2153,440,'9924920139594',7.9139,24.6142),(2154,440,'8177314560471',4.9868,28.6145),(2155,440,'9165712411324',5.8359,27.8064),(2156,441,'2002690519862',7.4362,12.9923),(2157,441,'5768880709699',5.7988,22.4293),(2158,441,'2553103943702',3.9499,14.9935),(2159,441,'9076581471546',2.5603,13.5820),(2160,441,'1082058347715',4.5473,16.5584),(2161,442,'8337574972254',9.5051,19.4802),(2162,442,'6401757344191',7.8750,23.6950),(2163,442,'6402414843628',5.4812,22.1195),(2164,442,'9870832417875',6.9960,23.4326),(2165,442,'1079746113692',2.0487,15.3599),(2166,443,'9627543647340',3.3317,10.0535),(2167,443,'4243532087334',8.2243,22.5598),(2168,443,'1091263400946',9.8314,21.9525),(2169,443,'8308706428814',6.2226,24.6016),(2170,443,'3196069984333',5.9494,25.3279),(2171,444,'3031985151023',5.2733,23.4762),(2172,444,'6752688247821',1.7511,16.7321),(2173,444,'6835995409923',2.2449,28.6855),(2174,444,'3327101786751',1.5356,23.8812),(2175,444,'5183946842470',1.0110,11.0677),(2176,445,'6869523559120',6.6261,25.6121),(2177,445,'1564753684048',3.7978,27.6175),(2178,445,'4722766315236',3.0497,21.3595),(2179,445,'3103130503456',4.2834,23.2900),(2180,445,'1615847439229',4.0489,23.5849),(2181,446,'5738878854179',1.0475,15.7226),(2182,446,'6356578624555',9.4633,24.5930),(2183,446,'4936139575750',9.0052,17.2036),(2184,446,'6128072220473',7.9351,25.8205),(2185,446,'7317524201521',2.9869,21.7074),(2186,447,'1170779760072',1.2708,13.8099),(2187,447,'3240357350395',3.2918,22.6964),(2188,447,'9726302039297',1.4698,20.1864),(2189,447,'8707416043946',9.6578,25.7082),(2190,447,'4158547842937',3.4946,22.7137),(2191,448,'9203856178584',2.3907,17.1602),(2192,448,'2181772347551',4.0352,28.9556),(2193,448,'9735030212891',2.4636,12.9276),(2194,448,'6251048235165',5.6894,20.2287),(2195,448,'6184139201984',8.8901,18.7672),(2196,449,'7087187323517',8.9722,12.6590),(2197,449,'4276851070460',9.3261,18.9584),(2198,449,'9327487052738',8.6687,11.0956),(2199,449,'1292290842661',9.2851,10.6396),(2200,449,'8825664910664',4.0647,16.1870),(2201,450,'7747195989040',1.1616,28.7619),(2202,450,'6692194700329',9.5073,21.0126),(2203,450,'8902877250259',6.5704,28.4724),(2204,450,'5177234678923',2.0773,19.9468),(2205,450,'7561225723977',2.0144,28.3802),(2206,451,'7517374726262',4.6026,13.8761),(2207,451,'1460273357131',8.3500,28.4722),(2208,451,'5850020247950',4.0311,28.8913),(2209,451,'9495758956063',4.4019,10.1991),(2210,451,'6953776238246',1.4630,15.7188),(2211,452,'9112779872881',2.6992,16.1671),(2212,452,'5557155294398',8.4199,26.8879),(2213,452,'3968730397870',4.9504,24.8136),(2214,452,'7298492155593',5.1041,15.9628),(2215,452,'1564813817554',8.7923,17.4357),(2216,453,'9044136001055',1.2673,19.7165),(2217,453,'9076736494637',1.2474,15.2698),(2218,453,'1286081100484',7.5677,14.5924),(2219,453,'6862152557460',7.7540,18.6912),(2220,453,'3234870562736',1.9225,15.9321),(2221,454,'9043163299333',8.3919,12.2284),(2222,454,'7583881649432',1.2099,17.8033),(2223,454,'7816899112517',6.4360,18.2513),(2224,454,'6882924531714',6.0580,11.6871),(2225,454,'2857175351229',9.2476,21.3591),(2226,455,'4933304532881',2.9191,26.0044),(2227,455,'8023560460189',6.3970,14.5498),(2228,455,'9040378834436',5.2979,18.2063),(2229,455,'3460067360235',5.6273,14.4679),(2230,455,'2246704771391',1.6082,26.5633),(2231,456,'5364654609572',1.5130,20.3379),(2232,456,'6105735542970',3.6333,20.2578),(2233,456,'1897998409199',4.0304,12.8782),(2234,456,'1793631111773',5.3141,18.9227),(2235,456,'2973316072683',4.0959,28.5951),(2236,457,'3459497300706',6.1407,26.6810),(2237,457,'8274473430369',3.7606,24.2037),(2238,457,'2805936288323',6.0576,28.9358),(2239,457,'2331915428550',4.5060,22.5983),(2240,457,'5569152359671',1.3372,26.0651),(2241,458,'8394010719412',6.3461,19.3556),(2242,458,'9213521626772',4.2019,16.0631),(2243,458,'5420092283668',8.3390,16.4380),(2244,458,'1026212023580',8.2585,10.1016),(2245,458,'5196940771906',9.8782,12.1354),(2246,459,'8383782217545',6.4328,26.3849),(2247,459,'6638947313062',1.8072,27.9780),(2248,459,'3663346142901',4.7077,19.0828),(2249,459,'5088229633669',6.5361,10.5916),(2250,459,'7728557214870',3.4297,15.1446),(2251,460,'8012356979241',8.5392,12.1247),(2252,460,'5276243427251',2.4630,28.6072),(2253,460,'7178578830108',2.0590,27.8578),(2254,460,'9012943345591',1.0319,22.7905),(2255,460,'4656753749417',7.3491,12.1671),(2256,461,'8593813965535',2.2025,19.0288),(2257,461,'6068836522941',7.9992,26.3038),(2258,461,'6513539013622',4.1019,15.1029),(2259,461,'6937176328763',1.6080,13.7775),(2260,461,'6458035947940',4.9276,24.0365),(2261,462,'6128664419755',9.1235,11.4906),(2262,462,'7309976406002',2.0117,19.1964),(2263,462,'8973753553666',9.2280,13.4651),(2264,462,'4738792102325',7.2158,29.0259),(2265,462,'1497460416352',7.1647,25.3727),(2266,463,'5345342000311',2.6677,28.4113),(2267,463,'9710549149204',7.1965,16.8576),(2268,463,'4679393857726',3.2576,28.3287),(2269,463,'4002122839151',8.6395,21.1669),(2270,463,'9075543409848',9.9692,28.8937),(2271,464,'4620997794633',7.5142,21.3068),(2272,464,'4427841036472',4.7068,11.8190),(2273,464,'3784497705841',2.7346,14.8505),(2274,464,'7161577324061',6.1082,24.8668),(2275,464,'1282253729631',9.0445,18.1592),(2276,465,'5245880006497',5.7041,15.8459),(2277,465,'7495751439375',5.8148,18.7893),(2278,465,'6914810276665',6.8429,26.6288),(2279,465,'1453885773274',3.0251,23.1907),(2280,465,'6210863553465',1.4327,19.1551),(2281,466,'8681236122954',7.5055,21.4830),(2282,466,'8046417042230',4.0881,22.4834),(2283,466,'2880529910713',1.5011,23.3501),(2284,466,'7514191491833',7.9420,27.1204),(2285,466,'2520568272299',4.1142,23.2877),(2286,467,'1101231053669',3.2914,22.9720),(2287,467,'2589491268680',3.6385,16.6272),(2288,467,'2402437166698',7.5084,28.5065),(2289,467,'1166230806208',9.0689,21.1377),(2290,467,'5596731527643',3.5839,21.0473),(2291,468,'8630524785099',2.9035,13.0310),(2292,468,'2703351616646',7.1236,29.3288),(2293,468,'7897725280976',3.0761,25.3290),(2294,468,'6531642023560',7.8400,29.6663),(2295,468,'2016113485093',1.1802,24.3251),(2296,469,'5866446157716',5.6787,13.5898),(2297,469,'5598263131504',7.2470,28.2665),(2298,469,'4278120157335',7.3075,25.7793),(2299,469,'7209074501764',9.4121,16.1496),(2300,469,'4084663434142',8.6531,27.4674),(2301,470,'4030458625786',4.1211,18.6219),(2302,470,'2140394822732',1.9242,19.5331),(2303,470,'1826293565552',9.5894,17.9748),(2304,470,'6146679210794',3.0909,19.3350),(2305,470,'1752624331730',3.7477,19.2325),(2306,471,'2321653547273',4.5484,18.6484),(2307,471,'1568877727689',1.1744,28.7919),(2308,471,'9780248016815',9.3701,21.2554),(2309,471,'6476124040588',1.3668,14.8948),(2310,471,'5368219834025',1.9511,25.9550),(2311,472,'5250198207786',8.3271,18.8603),(2312,472,'3406218153866',4.7628,29.0931),(2313,472,'5247391018631',6.4514,10.8713),(2314,472,'9488541716900',8.6203,26.2966),(2315,472,'1975819146862',6.2149,16.4891),(2316,473,'8683685692062',7.0194,29.1071),(2317,473,'5486928043363',9.3002,23.8990),(2318,473,'2248613964188',8.0163,16.3985),(2319,473,'1463701183943',5.0726,16.4877),(2320,473,'5230752033389',4.5183,28.8507),(2321,474,'1691683892779',7.7675,20.4336),(2322,474,'2214453262874',9.4213,18.1255),(2323,474,'4895570708336',5.7075,25.5218),(2324,474,'6447720431351',8.4022,26.0757),(2325,474,'6937098253945',4.8608,17.4645),(2326,475,'3218964545894',2.3502,19.6353),(2327,475,'3536263702668',3.3889,12.8750),(2328,475,'7248524555648',1.2965,29.9999),(2329,475,'5274549537542',2.4982,23.5189),(2330,475,'9126483855460',5.6272,18.9268),(2331,476,'3939960611712',9.4480,10.5248),(2332,476,'3466018897180',4.1997,23.5333),(2333,476,'7692553284216',1.9479,29.0329),(2334,476,'7952145554404',4.7470,21.9542),(2335,476,'9556474273754',6.5678,23.5525),(2336,477,'6683303032575',3.1069,24.4164),(2337,477,'6761218030818',2.5405,13.9386),(2338,477,'6487341888676',2.7684,11.8300),(2339,477,'1316882302812',9.0188,29.7458),(2340,477,'2156422043964',8.9095,17.3739),(2341,478,'9569704612001',9.6708,24.6711),(2342,478,'6923474916129',3.5336,17.6978),(2343,478,'7875283977353',9.9250,28.7259),(2344,478,'5993028297006',5.1708,25.6462),(2345,478,'9807270511773',2.1766,22.2811),(2346,479,'2066500103174',1.2726,16.8185),(2347,479,'8248956245047',6.2796,17.2100),(2348,479,'7834704916872',1.2582,21.6810),(2349,479,'8961983896496',4.4898,10.7917),(2350,479,'7682903969556',1.0890,21.1714);
/*!40000 ALTER TABLE `Order_Item` ENABLE KEYS */;
UNLOCK TABLES;

--
-- Table structure for table `Purchase_Order`
--

DROP TABLE IF EXISTS `Purchase_Order`;
/*!40101 SET @saved_cs_client     = @@character_set_client */;
/*!50503 SET character_set_client = utf8mb4 */;
CREATE TABLE `Purchase_Order` (
  `id` int unsigned NOT NULL AUTO_INCREMENT,
  `customer_id` int unsigned DEFAULT NULL,
  `purchase_date` timestamp NOT NULL,
  `country` varchar(255) DEFAULT NULL,
  `device` varchar(255) DEFAULT NULL,
  PRIMARY KEY (`id`),
  KEY `Customer_ID_FK` (`customer_id`),
  CONSTRAINT `Customer_ID_FK` FOREIGN KEY (`customer_id`) REFERENCES `Customer` (`id`) ON DELETE SET NULL ON UPDATE RESTRICT
) ENGINE=InnoDB AUTO_INCREMENT=480 DEFAULT CHARSET=utf8mb4 COLLATE=utf8mb4_0900_ai_ci;
/*!40101 SET character_set_client = @saved_cs_client */;

--
-- Dumping data for table `Purchase_Order`
--

LOCK TABLES `Purchase_Order` WRITE;
/*!40000 ALTER TABLE `Purchase_Order` DISABLE KEYS */;
INSERT INTO `Purchase_Order` VALUES (85,1,'2021-07-26 12:52:24','Egypt','iPhone SE'),(86,1,'2021-06-13 04:16:11','Egypt','iPhone SE'),(87,1,'2021-12-26 03:42:40','Egypt','iPhone SE'),(88,1,'2021-02-03 23:08:02','Egypt','iPhone SE'),(89,1,'2021-04-18 20:09:13','Egypt','iPhone SE'),(90,1,'2021-09-11 04:37:33','Egypt','iPhone SE'),(91,1,'2021-03-16 08:38:08','Egypt','iPhone SE'),(92,1,'2021-01-11 00:18:52','Egypt','iPhone SE'),(93,1,'2021-01-24 16:10:37','Egypt','iPhone SE'),(94,1,'2021-06-13 09:32:59','Egypt','iPhone SE'),(96,3,'2021-02-07 23:00:50','Tanzania','iPhone X'),(97,3,'2021-09-13 14:46:01','Tanzania','iPhone X'),(98,3,'2021-06-09 22:15:01','Tanzania','iPhone X'),(99,3,'2021-06-16 04:41:21','Tanzania','iPhone X'),(100,3,'2021-10-15 16:50:02','Tanzania','iPhone X'),(101,3,'2021-01-05 04:10:54','Tanzania','iPhone X'),(102,3,'2021-12-30 14:25:59','Tanzania','iPhone X'),(103,3,'2021-09-03 05:49:37','Tanzania','iPhone X'),(104,4,'2021-04-16 06:04:24','China','iPhone 12'),(105,4,'2021-11-07 00:51:34','China','iPhone 12'),(106,4,'2021-06-03 20:03:13','China','iPhone 12'),(107,4,'2021-02-02 23:46:57','China','iPhone 12'),(108,4,'2021-09-28 20:28:53','China','iPhone 12'),(109,4,'2021-04-19 17:45:39','China','iPhone 12'),(110,4,'2021-05-17 13:24:52','China','iPhone 12'),(111,4,'2021-06-22 20:38:52','China','iPhone 12'),(112,5,'2021-04-14 18:09:08','Canada','iPhone 8'),(113,5,'2021-06-15 16:11:23','Canada','iPhone 8'),(114,5,'2021-05-31 08:09:11','Canada','iPhone 8'),(115,5,'2021-06-24 23:02:58','Canada','iPhone 8'),(116,5,'2021-08-20 14:10:34','Canada','iPhone 8'),(117,5,'2021-10-05 06:59:25','Canada','iPhone 8'),(118,5,'2021-08-25 18:29:33','Canada','iPhone 8'),(119,5,'2021-12-16 04:23:43','Canada','iPhone 8'),(120,5,'2021-08-23 01:11:00','Canada','iPhone 8'),(121,5,'2021-11-14 22:20:06','Canada','iPhone 8'),(122,6,'2021-06-05 01:36:51','Italy','iPhone 9'),(123,6,'2021-10-13 01:53:14','Italy','iPhone 9'),(124,6,'2021-06-24 03:10:23','Italy','iPhone 9'),(125,6,'2021-01-29 17:33:15','Italy','iPhone 9'),(126,6,'2021-12-02 04:49:39','Italy','iPhone 9'),(127,6,'2021-02-24 13:50:04','Italy','iPhone 9'),(128,6,'2021-09-23 11:31:48','Italy','iPhone 9'),(129,6,'2021-08-26 09:46:27','Italy','iPhone 9'),(130,6,'2021-05-12 12:00:29','Italy','iPhone 9'),(131,6,'2021-03-30 22:32:59','Italy','iPhone 9'),(132,1,'2021-04-22 17:51:00','Egypt','iPhone SE'),(133,1,'2021-03-04 08:39:09','Egypt','iPhone SE'),(134,1,'2021-03-14 05:18:02','Egypt','iPhone SE'),(135,1,'2021-07-31 14:33:14','Egypt','iPhone SE'),(136,1,'2021-10-21 23:43:42','Egypt','iPhone SE'),(137,1,'2021-01-13 20:34:04','Egypt','iPhone SE'),(138,1,'2021-05-03 18:17:34','Egypt','iPhone SE'),(139,1,'2021-04-02 01:18:16','Egypt','iPhone SE'),(140,1,'2021-03-11 23:04:37','Egypt','iPhone SE'),(141,1,'2021-07-12 23:58:44','Egypt','iPhone SE'),(142,3,'2021-07-17 13:05:09','Tanzania','iPhone X'),(143,3,'2021-06-08 03:27:41','Tanzania','iPhone X'),(144,4,'2021-02-22 22:51:53','China','iPhone 12'),(145,4,'2021-03-14 23:16:51','China','iPhone 12'),(146,5,'2021-11-08 20:46:35','Canada','iPhone 8'),(147,5,'2021-12-26 10:17:29','Canada','iPhone 8'),(148,6,'2021-01-21 03:19:25','Italy','iPhone 9'),(149,6,'2021-02-12 21:37:38','Italy','iPhone 9'),(150,1,'2021-04-23 04:17:50','Egypt','iPhone SE'),(151,1,'2021-04-07 04:12:07','Egypt','iPhone SE'),(152,3,'2021-02-06 09:18:24','Tanzania','iPhone X'),(153,3,'2021-03-05 02:21:51','Tanzania','iPhone X'),(154,4,'2021-05-16 23:06:05','China','iPhone 12'),(155,4,'2021-10-14 12:01:15','China','iPhone 12'),(156,5,'2021-02-25 16:41:40','Canada','iPhone 8'),(157,5,'2021-06-12 07:23:09','Canada','iPhone 8'),(158,6,'2021-10-04 13:49:57','Italy','iPhone 9'),(159,6,'2021-06-01 06:30:22','Italy','iPhone 9'),(160,1,'2021-07-25 05:48:47','Egypt','iPhone SE'),(161,1,'2021-11-15 22:52:33','Egypt','iPhone SE'),(162,3,'2021-06-04 19:04:25','Tanzania','iPhone X'),(163,3,'2021-02-02 12:33:49','Tanzania','iPhone X'),(164,4,'2021-12-29 10:56:35','China','iPhone 12'),(165,4,'2021-12-17 12:22:50','China','iPhone 12'),(166,5,'2021-06-03 14:48:23','Canada','iPhone 8'),(167,5,'2021-02-28 08:02:47','Canada','iPhone 8'),(168,6,'2021-09-29 09:51:09','Italy','iPhone 9'),(169,6,'2021-01-02 12:23:58','Italy','iPhone 9'),(170,1,'2021-10-08 16:16:01','Egypt','iPhone SE'),(171,1,'2021-05-03 04:13:56','Egypt','iPhone SE'),(172,3,'2021-12-05 17:44:30','Tanzania','iPhone X'),(173,3,'2021-12-06 20:28:48','Tanzania','iPhone X'),(174,4,'2021-08-05 19:21:59','China','iPhone 12'),(175,4,'2021-08-27 16:29:53','China','iPhone 12'),(176,5,'2021-07-21 19:12:56','Canada','iPhone 8'),(177,5,'2021-11-10 12:50:38','Canada','iPhone 8'),(178,6,'2021-02-24 10:45:57','Italy','iPhone 9'),(179,6,'2021-06-27 13:59:01','Italy','iPhone 9'),(180,1,'2021-06-17 19:38:39','Egypt','iPhone SE'),(181,1,'2021-01-15 05:19:59','Egypt','iPhone SE'),(182,3,'2021-06-14 08:57:17','Tanzania','iPhone X'),(183,3,'2021-04-24 12:27:41','Tanzania','iPhone X'),(184,4,'2021-05-21 14:04:25','China','iPhone 12'),(185,4,'2021-11-30 10:15:00','China','iPhone 12'),(186,5,'2021-01-22 02:22:03','Canada','iPhone 8'),(187,5,'2021-09-30 19:24:25','Canada','iPhone 8'),(188,6,'2021-01-23 08:08:10','Italy','iPhone 9'),(189,6,'2021-10-31 02:43:26','Italy','iPhone 9'),(190,1,'2021-06-14 18:28:46','Egypt','iPhone SE'),(191,1,'2021-09-26 20:27:53','Egypt','iPhone SE'),(192,3,'2021-09-25 03:01:14','Tanzania','iPhone X'),(193,3,'2021-09-13 13:11:47','Tanzania','iPhone X'),(194,4,'2021-01-31 00:09:31','China','iPhone 12'),(195,4,'2021-07-29 01:25:52','China','iPhone 12'),(196,5,'2021-09-27 22:28:09','Canada','iPhone 8'),(197,5,'2021-07-14 22:32:18','Canada','iPhone 8'),(198,6,'2021-01-20 01:43:34','Italy','iPhone 9'),(199,6,'2021-09-22 03:14:38','Italy','iPhone 9'),(200,1,'2021-05-03 22:36:09','Egypt','iPhone SE'),(201,1,'2021-09-08 14:37:35','Egypt','iPhone SE'),(202,3,'2021-07-16 13:15:52','Tanzania','iPhone X'),(203,3,'2021-01-04 03:06:00','Tanzania','iPhone X'),(204,4,'2021-11-02 08:38:04','China','iPhone 12'),(205,4,'2021-06-09 14:10:10','China','iPhone 12'),(206,5,'2021-06-15 08:44:32','Canada','iPhone 8'),(207,5,'2021-08-13 21:24:58','Canada','iPhone 8'),(208,6,'2021-05-19 10:45:04','Italy','iPhone 9'),(209,6,'2021-06-30 03:40:53','Italy','iPhone 9'),(210,1,'2021-02-18 05:53:11','Egypt','iPhone SE'),(211,1,'2021-08-27 02:31:00','Egypt','iPhone SE'),(212,3,'2021-04-06 16:09:10','Tanzania','iPhone X'),(213,3,'2021-03-17 05:48:13','Tanzania','iPhone X'),(214,4,'2021-04-10 12:33:44','China','iPhone 12'),(215,4,'2021-07-05 06:34:27','China','iPhone 12'),(216,5,'2021-02-25 23:27:57','Canada','iPhone 8'),(217,5,'2021-07-03 09:44:50','Canada','iPhone 8'),(218,6,'2021-04-24 10:04:22','Italy','iPhone 9'),(219,6,'2021-09-08 15:59:18','Italy','iPhone 9'),(220,1,'2021-01-12 08:44:37','Egypt','iPhone SE'),(221,1,'2021-11-30 05:05:00','Egypt','iPhone SE'),(222,3,'2021-04-17 09:23:00','Tanzania','iPhone X'),(223,3,'2021-07-23 05:20:08','Tanzania','iPhone X'),(224,4,'2021-06-18 15:21:59','China','iPhone 12'),(225,4,'2021-09-24 08:09:07','China','iPhone 12'),(226,5,'2021-01-14 18:20:30','Canada','iPhone 8'),(227,5,'2021-11-30 13:15:17','Canada','iPhone 8'),(228,6,'2021-05-11 19:39:46','Italy','iPhone 9'),(229,6,'2021-02-17 14:39:35','Italy','iPhone 9'),(230,1,'2021-01-08 14:51:17','Egypt','iPhone SE'),(231,1,'2021-01-04 14:54:54','Egypt','iPhone SE'),(232,3,'2021-02-05 08:09:17','Tanzania','iPhone X'),(233,3,'2021-10-10 06:56:41','Tanzania','iPhone X'),(234,4,'2021-11-21 09:24:02','China','iPhone 12'),(235,4,'2021-08-13 12:37:18','China','iPhone 12'),(236,5,'2021-08-18 20:22:51','Canada','iPhone 8'),(237,5,'2021-11-08 00:59:36','Canada','iPhone 8'),(238,6,'2021-09-09 08:11:59','Italy','iPhone 9'),(239,6,'2021-01-20 07:48:47','Italy','iPhone 9'),(240,1,'2021-01-26 19:16:17','Egypt','iPhone SE'),(241,1,'2021-06-29 05:22:48','Egypt','iPhone SE'),(242,3,'2021-11-24 02:00:00','Tanzania','iPhone X'),(243,3,'2021-08-06 20:45:30','Tanzania','iPhone X'),(244,4,'2021-03-28 04:25:29','China','iPhone 12'),(245,4,'2021-03-19 07:57:08','China','iPhone 12'),(246,5,'2021-05-12 06:10:46','Canada','iPhone 8'),(247,5,'2021-09-08 12:05:30','Canada','iPhone 8'),(248,6,'2021-10-07 17:19:39','Italy','iPhone 9'),(249,6,'2021-12-23 00:07:59','Italy','iPhone 9'),(250,1,'2021-08-05 13:26:42','Egypt','iPhone SE'),(251,1,'2021-03-07 17:54:22','Egypt','iPhone SE'),(252,3,'2021-02-27 12:57:11','Tanzania','iPhone X'),(253,3,'2021-08-07 09:53:14','Tanzania','iPhone X'),(254,4,'2021-01-01 02:45:27','China','iPhone 12'),(255,4,'2021-02-14 18:43:41','China','iPhone 12'),(256,5,'2021-04-11 15:42:19','Canada','iPhone 8'),(257,5,'2021-02-24 11:29:37','Canada','iPhone 8'),(258,6,'2021-07-18 22:25:17','Italy','iPhone 9'),(259,6,'2021-07-23 16:28:07','Italy','iPhone 9'),(260,1,'2021-06-17 20:16:16','Egypt','iPhone SE'),(261,1,'2021-06-04 20:09:02','Egypt','iPhone SE'),(262,3,'2021-03-04 02:12:11','Tanzania','iPhone X'),(263,3,'2021-11-19 13:22:54','Tanzania','iPhone X'),(264,4,'2021-03-11 23:32:09','China','iPhone 12'),(265,4,'2021-02-22 19:24:19','China','iPhone 12'),(266,5,'2021-05-14 08:52:53','Canada','iPhone 8'),(267,5,'2021-06-25 07:16:02','Canada','iPhone 8'),(268,6,'2021-12-11 17:44:20','Italy','iPhone 9'),(269,6,'2021-01-27 15:36:10','Italy','iPhone 9'),(270,1,'2021-09-08 16:28:05','Egypt','iPhone SE'),(271,1,'2021-06-25 09:46:29','Egypt','iPhone SE'),(272,3,'2021-01-29 22:09:55','Tanzania','iPhone X'),(273,3,'2021-02-09 13:24:17','Tanzania','iPhone X'),(274,4,'2021-06-07 03:59:07','China','iPhone 12'),(275,4,'2021-01-28 06:50:47','China','iPhone 12'),(276,5,'2021-07-07 14:57:39','Canada','iPhone 8'),(277,5,'2021-08-04 23:44:18','Canada','iPhone 8'),(278,6,'2021-01-23 12:02:02','Italy','iPhone 9'),(279,6,'2021-08-23 17:43:35','Italy','iPhone 9'),(280,1,'2021-02-20 00:18:13','Egypt','iPhone SE'),(281,1,'2021-05-06 23:16:04','Egypt','iPhone SE'),(282,3,'2021-06-06 09:40:11','Tanzania','iPhone X'),(283,3,'2021-12-27 00:54:19','Tanzania','iPhone X'),(284,4,'2021-10-07 13:00:23','China','iPhone 12'),(285,4,'2021-11-24 00:32:50','China','iPhone 12'),(286,5,'2021-04-05 19:30:21','Canada','iPhone 8'),(287,5,'2021-09-03 08:33:51','Canada','iPhone 8'),(288,6,'2021-11-03 04:36:16','Italy','iPhone 9'),(289,6,'2021-08-27 11:25:58','Italy','iPhone 9'),(290,1,'2021-02-14 20:04:41','Egypt','iPhone SE'),(291,1,'2021-09-15 18:29:55','Egypt','iPhone SE'),(292,3,'2021-02-07 05:56:02','Tanzania','iPhone X'),(293,3,'2021-12-22 15:48:34','Tanzania','iPhone X'),(294,4,'2021-10-19 20:20:45','China','iPhone 12'),(295,4,'2021-07-17 17:47:20','China','iPhone 12'),(296,5,'2021-11-11 21:02:17','Canada','iPhone 8'),(297,5,'2021-04-01 02:18:36','Canada','iPhone 8'),(298,6,'2021-02-14 08:28:45','Italy','iPhone 9'),(299,6,'2021-06-27 06:51:01','Italy','iPhone 9'),(300,1,'2021-03-17 04:38:21','Egypt','iPhone SE'),(301,1,'2021-02-09 05:53:22','Egypt','iPhone SE'),(302,3,'2021-09-25 15:14:06','Tanzania','iPhone X'),(303,3,'2021-10-26 01:38:23','Tanzania','iPhone X'),(304,4,'2021-10-26 09:56:47','China','iPhone 12'),(305,4,'2021-11-11 01:58:20','China','iPhone 12'),(306,5,'2021-07-25 10:36:26','Canada','iPhone 8'),(307,5,'2021-05-10 00:22:42','Canada','iPhone 8'),(308,6,'2021-08-13 01:30:24','Italy','iPhone 9'),(309,6,'2021-09-04 05:41:55','Italy','iPhone 9'),(310,1,'2021-01-26 04:46:56','Egypt','iPhone SE'),(311,1,'2021-09-02 19:19:26','Egypt','iPhone SE'),(312,3,'2021-06-25 03:18:31','Tanzania','iPhone X'),(313,3,'2021-01-27 11:26:28','Tanzania','iPhone X'),(314,4,'2021-01-16 11:06:36','China','iPhone 12'),(315,4,'2021-01-17 17:07:53','China','iPhone 12'),(316,5,'2021-08-17 14:13:31','Canada','iPhone 8'),(317,5,'2021-10-25 08:15:33','Canada','iPhone 8'),(318,6,'2021-11-21 10:15:46','Italy','iPhone 9'),(319,6,'2021-01-22 08:04:52','Italy','iPhone 9'),(320,1,'2021-12-20 18:12:33','Egypt','iPhone SE'),(321,1,'2021-07-04 11:01:41','Egypt','iPhone SE'),(322,3,'2021-01-30 14:36:55','Tanzania','iPhone X'),(323,3,'2021-02-19 23:23:48','Tanzania','iPhone X'),(324,4,'2021-12-19 01:04:59','China','iPhone 12'),(325,4,'2021-12-13 16:39:51','China','iPhone 12'),(326,5,'2021-01-10 17:18:56','Canada','iPhone 8'),(327,5,'2021-04-07 08:32:31','Canada','iPhone 8'),(328,6,'2021-05-10 13:39:55','Italy','iPhone 9'),(329,6,'2021-02-16 05:55:39','Italy','iPhone 9'),(330,1,'2021-06-30 17:27:58','Egypt','iPhone SE'),(331,1,'2021-12-06 13:48:09','Egypt','iPhone SE'),(332,3,'2021-11-15 07:50:01','Tanzania','iPhone X'),(333,3,'2021-08-29 18:31:47','Tanzania','iPhone X'),(334,4,'2021-01-18 04:13:23','China','iPhone 12'),(335,4,'2021-08-12 19:10:11','China','iPhone 12'),(336,5,'2021-02-20 10:28:18','Canada','iPhone 8'),(337,5,'2021-08-23 11:08:32','Canada','iPhone 8'),(338,6,'2021-04-01 11:34:33','Italy','iPhone 9'),(339,6,'2021-06-05 15:14:15','Italy','iPhone 9'),(340,1,'2021-02-06 07:27:11','Egypt','iPhone SE'),(341,1,'2021-09-28 20:21:17','Egypt','iPhone SE'),(342,3,'2021-04-28 16:58:10','Tanzania','iPhone X'),(343,3,'2021-12-26 02:16:49','Tanzania','iPhone X'),(344,4,'2021-01-10 19:32:50','China','iPhone 12'),(345,4,'2021-11-07 09:07:52','China','iPhone 12'),(346,5,'2021-06-12 04:54:29','Canada','iPhone 8'),(347,5,'2021-06-03 20:05:08','Canada','iPhone 8'),(348,6,'2021-10-07 17:21:38','Italy','iPhone 9'),(349,6,'2021-01-07 07:58:23','Italy','iPhone 9'),(350,1,'2021-02-11 19:57:22','Egypt','iPhone SE'),(351,1,'2021-07-05 07:51:09','Egypt','iPhone SE'),(352,3,'2021-12-25 19:28:13','Tanzania','iPhone X'),(353,3,'2021-01-07 04:42:12','Tanzania','iPhone X'),(354,4,'2021-04-03 16:23:37','China','iPhone 12'),(355,4,'2021-08-19 12:33:20','China','iPhone 12'),(356,5,'2021-07-17 17:19:17','Canada','iPhone 8'),(357,5,'2021-10-19 13:15:06','Canada','iPhone 8'),(358,6,'2021-09-22 15:13:36','Italy','iPhone 9'),(359,6,'2021-01-20 19:48:02','Italy','iPhone 9'),(360,1,'2021-05-11 01:09:19','Egypt','iPhone SE'),(361,1,'2021-10-19 05:39:38','Egypt','iPhone SE'),(362,3,'2021-05-28 17:33:05','Tanzania','iPhone X'),(363,3,'2021-04-25 09:03:59','Tanzania','iPhone X'),(364,4,'2021-10-31 14:18:32','China','iPhone 12'),(365,4,'2021-11-07 23:49:08','China','iPhone 12'),(366,5,'2021-02-13 07:47:29','Canada','iPhone 8'),(367,5,'2021-12-09 03:53:03','Canada','iPhone 8'),(368,6,'2021-01-27 09:22:40','Italy','iPhone 9'),(369,6,'2021-10-21 18:54:09','Italy','iPhone 9'),(370,1,'2021-12-15 11:36:27','Egypt','iPhone SE'),(371,1,'2021-10-14 18:15:10','Egypt','iPhone SE'),(372,3,'2021-08-19 06:44:08','Tanzania','iPhone X'),(373,3,'2021-02-28 09:08:51','Tanzania','iPhone X'),(374,4,'2021-07-30 07:53:52','China','iPhone 12'),(375,4,'2021-12-10 01:58:43','China','iPhone 12'),(376,5,'2021-09-21 00:01:53','Canada','iPhone 8'),(377,5,'2021-04-25 18:52:57','Canada','iPhone 8'),(378,6,'2021-02-24 11:53:15','Italy','iPhone 9'),(379,6,'2021-08-18 09:19:17','Italy','iPhone 9'),(380,1,'2021-11-09 10:19:01','Egypt','iPhone SE'),(381,1,'2021-11-03 05:24:25','Egypt','iPhone SE'),(382,3,'2021-11-19 07:02:02','Tanzania','iPhone X'),(383,3,'2021-12-15 04:15:30','Tanzania','iPhone X'),(384,4,'2021-08-03 13:21:19','China','iPhone 12'),(385,4,'2021-03-24 17:16:58','China','iPhone 12'),(386,5,'2021-11-03 20:11:51','Canada','iPhone 8'),(387,5,'2021-11-05 13:53:17','Canada','iPhone 8'),(388,6,'2021-08-18 23:51:43','Italy','iPhone 9'),(389,6,'2021-09-05 03:18:47','Italy','iPhone 9'),(390,1,'2021-01-04 21:11:57','Egypt','iPhone SE'),(391,1,'2021-11-08 03:56:49','Egypt','iPhone SE'),(392,3,'2021-12-02 21:25:32','Tanzania','iPhone X'),(393,3,'2021-01-28 13:07:35','Tanzania','iPhone X'),(394,4,'2021-07-07 12:58:31','China','iPhone 12'),(395,4,'2021-02-15 03:40:54','China','iPhone 12'),(396,5,'2021-04-30 16:57:55','Canada','iPhone 8'),(397,5,'2021-08-19 21:35:24','Canada','iPhone 8'),(398,6,'2021-06-18 22:44:22','Italy','iPhone 9'),(399,6,'2021-12-10 12:11:00','Italy','iPhone 9'),(400,1,'2021-01-08 23:20:01','Egypt','iPhone SE'),(401,1,'2021-12-04 13:58:34','Egypt','iPhone SE'),(402,3,'2021-05-31 10:55:36','Tanzania','iPhone X'),(403,3,'2021-10-04 16:07:09','Tanzania','iPhone X'),(404,4,'2021-04-28 14:09:20','China','iPhone 12'),(405,4,'2021-10-06 01:48:08','China','iPhone 12'),(406,5,'2021-10-30 21:35:11','Canada','iPhone 8'),(407,5,'2021-08-01 20:14:37','Canada','iPhone 8'),(408,6,'2021-05-31 04:58:32','Italy','iPhone 9'),(409,6,'2021-04-21 19:30:40','Italy','iPhone 9'),(410,1,'2021-06-07 23:34:33','Egypt','iPhone SE'),(411,1,'2021-09-16 02:59:10','Egypt','iPhone SE'),(412,3,'2021-07-15 17:01:29','Tanzania','iPhone X'),(413,3,'2021-10-24 09:02:36','Tanzania','iPhone X'),(414,4,'2021-07-24 13:35:06','China','iPhone 12'),(415,4,'2021-01-20 19:53:58','China','iPhone 12'),(416,5,'2021-11-10 05:37:34','Canada','iPhone 8'),(417,5,'2021-11-30 07:07:30','Canada','iPhone 8'),(418,6,'2021-04-27 22:41:10','Italy','iPhone 9'),(419,6,'2021-10-29 21:37:52','Italy','iPhone 9'),(420,1,'2021-09-29 18:44:29','Egypt','iPhone SE'),(421,1,'2021-02-14 00:57:10','Egypt','iPhone SE'),(422,3,'2021-06-09 07:39:02','Tanzania','iPhone X'),(423,3,'2021-02-17 16:17:04','Tanzania','iPhone X'),(424,4,'2021-10-15 18:29:55','China','iPhone 12'),(425,4,'2021-09-08 00:38:57','China','iPhone 12'),(426,5,'2021-05-13 23:55:01','Canada','iPhone 8'),(427,5,'2021-05-22 07:42:40','Canada','iPhone 8'),(428,6,'2021-10-31 13:41:41','Italy','iPhone 9'),(429,6,'2021-03-12 07:08:46','Italy','iPhone 9'),(430,1,'2021-04-25 18:07:56','Egypt','iPhone SE'),(431,1,'2021-03-11 11:47:08','Egypt','iPhone SE'),(432,3,'2021-01-01 14:49:32','Tanzania','iPhone X'),(433,3,'2021-02-02 10:17:19','Tanzania','iPhone X'),(434,4,'2021-01-01 08:13:09','China','iPhone 12'),(435,4,'2021-05-22 08:48:22','China','iPhone 12'),(436,5,'2021-09-11 02:11:27','Canada','iPhone 8'),(437,5,'2021-10-23 17:38:57','Canada','iPhone 8'),(438,6,'2021-05-30 11:14:08','Italy','iPhone 9'),(439,6,'2021-03-25 01:16:39','Italy','iPhone 9'),(440,1,'2021-05-06 00:10:49','Egypt','iPhone SE'),(441,1,'2021-11-03 09:41:53','Egypt','iPhone SE'),(442,3,'2021-04-02 20:28:22','Tanzania','iPhone X'),(443,3,'2021-11-11 02:04:14','Tanzania','iPhone X'),(444,4,'2021-09-05 16:45:18','China','iPhone 12'),(445,4,'2021-08-27 22:17:25','China','iPhone 12'),(446,5,'2021-04-17 08:07:09','Canada','iPhone 8'),(447,5,'2021-08-26 19:01:03','Canada','iPhone 8'),(448,6,'2021-07-06 14:29:52','Italy','iPhone 9'),(449,6,'2021-10-04 12:10:36','Italy','iPhone 9'),(450,1,'2021-10-21 16:55:47','Egypt','iPhone SE'),(451,1,'2021-11-24 22:36:13','Egypt','iPhone SE'),(452,3,'2021-04-01 13:07:49','Tanzania','iPhone X'),(453,3,'2021-11-06 22:37:42','Tanzania','iPhone X'),(454,4,'2021-11-27 04:22:59','China','iPhone 12'),(455,4,'2021-12-24 11:23:53','China','iPhone 12'),(456,5,'2021-12-18 00:53:37','Canada','iPhone 8'),(457,5,'2021-05-21 10:35:45','Canada','iPhone 8'),(458,6,'2021-12-24 03:14:23','Italy','iPhone 9'),(459,6,'2021-12-07 17:10:53','Italy','iPhone 9'),(460,1,'2021-04-15 23:30:22','Egypt','iPhone SE'),(461,1,'2021-10-05 03:03:09','Egypt','iPhone SE'),(462,3,'2021-10-13 16:56:25','Tanzania','iPhone X'),(463,3,'2021-07-16 15:02:18','Tanzania','iPhone X'),(464,4,'2021-05-06 07:03:46','China','iPhone 12'),(465,4,'2021-10-07 14:00:37','China','iPhone 12'),(466,5,'2021-09-17 23:10:22','Canada','iPhone 8'),(467,5,'2021-11-06 16:09:44','Canada','iPhone 8'),(468,6,'2021-07-11 00:09:10','Italy','iPhone 9'),(469,6,'2021-02-16 07:05:15','Italy','iPhone 9'),(470,1,'2021-03-06 03:48:26','Egypt','iPhone SE'),(471,1,'2021-07-22 18:01:28','Egypt','iPhone SE'),(472,3,'2021-07-13 06:52:07','Tanzania','iPhone X'),(473,3,'2021-12-20 23:29:01','Tanzania','iPhone X'),(474,4,'2021-10-19 08:55:44','China','iPhone 12'),(475,4,'2021-04-28 10:06:34','China','iPhone 12'),(476,5,'2021-11-04 18:29:11','Canada','iPhone 8'),(477,5,'2021-11-18 12:50:12','Canada','iPhone 8'),(478,6,'2021-12-04 23:04:59','Italy','iPhone 9'),(479,6,'2021-08-11 22:24:54','Italy','iPhone 9');
/*!40000 ALTER TABLE `Purchase_Order` ENABLE KEYS */;
UNLOCK TABLES;
/*!40103 SET TIME_ZONE=@OLD_TIME_ZONE */;

/*!40101 SET SQL_MODE=@OLD_SQL_MODE */;
/*!40014 SET FOREIGN_KEY_CHECKS=@OLD_FOREIGN_KEY_CHECKS */;
/*!40014 SET UNIQUE_CHECKS=@OLD_UNIQUE_CHECKS */;
/*!40101 SET CHARACTER_SET_CLIENT=@OLD_CHARACTER_SET_CLIENT */;
/*!40101 SET CHARACTER_SET_RESULTS=@OLD_CHARACTER_SET_RESULTS */;
/*!40101 SET COLLATION_CONNECTION=@OLD_COLLATION_CONNECTION */;
/*!40111 SET SQL_NOTES=@OLD_SQL_NOTES */;

-- Dump completed on 2021-02-21 10:23:20
